company_id,company_name,trading_name,legal_name,abn,acn,description,website,industry,services,address,suburb,state,postcode,country,phone,phone_original,phone_normalized,email,general_email,accounts_email,info_email,contact_email,website_contact_page,linkedin_url,facebook_url,instagram_url,source_url,source_type,date_found,confidence_score,verification_status,scrape_status
0001,Nexia Edwards Marshall NT,Nexia Edwards Marshall NT,,64611461315,,"Nexia Edwards Marshall NT TPB Tax Agent Darwin City Nexia Edwards Marshall NT is a accounting practice based in Darwin City, Darwin.",https://nexiaemnt.com.au/,Accounting,"Business advisory, Taxation, Audit & assurance, Healthcare, education & not-for-profit sectors","25433108) showing registered status at Level 2, 80 Mitchell Street, Darwin NT 0800",Darwin,NT,0800,Australia,0889815585,0889815585,+61889815585,reception@nexiaemnt.com.au,reception@nexiaemnt.com.au,,,,https://nexiaemnt.com.au/wp-content/plugins/contact-form-7/includes/css/styles.css?ver=6.1.7,,,,https://bestaccountantsaustralia.com.au/best/darwin/ | https://nexiaemnt.com.au/,industry directory,2026-09-30,92,verified_website,ok
0002,RBA Chartered Accountants,RBA Chartered Accountants,,,,RBA Chartered Accountants TPB Tax Agent Woolner RBA Chartered Accountants (Woolner) is a -qualified accounting firm.,https://rbant.com.au/,Accounting,"Family businesses, Agribusiness, Property development & construction, Tax planning & CGT",Unit 20/16 Charlton Crt) confirmed via Localsearch and AccountantFind directory listings,Woolner,NT,,Australia,0889812444,0889812444,+61889812444,admin@rbant.com.au,admin@rbant.com.au,,,,https://rbant.com.au/contact-us/,,,,https://bestaccountantsaustralia.com.au/best/darwin/ | https://rbant.com.au/,industry directory,2026-09-30,92,verified_website,ok
0003,Wren Christou,Wren Christou,,,,"Wren Christou Fannie Bay Wren Christou, in Fannie Bay, Darwin, holds credentials.",https://www.wrenchristou.com.au/,Accounting,"Small business accounting, Tax & compliance, Business structuring, CFO services","1)) { new ResizeObserver(function (entries, observer) { entries",Fannie Bay,NT,,Australia,0889689047,0889689047,+61889689047,admin@wrenchristou.com.au,admin@wrenchristou.com.au,,,,https://www.wrenchristou.com.au#contactus,https://au.linkedin.com/company/wren-christou,https://www.facebook.com/WrenChristou,https://www.instagram.com/wrenchristou/,https://bestaccountantsaustralia.com.au/best/darwin/ | https://www.wrenchristou.com.au/,industry directory,2026-09-30,92,verified_website,ok
0004,Moore Australia (NT),Moore Australia (NT),,,,Moore Australia (NT) TPB Tax Agent Darwin City Moore Australia (NT) runs a -led accounting practice in Darwin City.,https://www.moore-australia.com.au/locations/darwin/moore-australia-nt-darwin/,Accounting,"Indigenous business services, Property & construction, Tourism business services, Audit & assurance","19 Lindsay Street, Darwin NT 0800",Darwin,NT,0800,Australia,+61889815222,+61889815222,+61889815222,,,,,,https://www.moore-australia.com.au/wp-content/cache/min/3/wp-content/themes/moore-global/assets/css/contact/block-contact.css?ver=1782871083,https://www.linkedin.com/company/moore-australia,https://www.facebook.com/mooreaus,https://www.instagram.com/moore_australia/,https://bestaccountantsaustralia.com.au/best/darwin/ | https://www.moore-australia.com.au/locations/darwin/moore-australia-nt-darwin/,industry directory,2026-09-30,92,verified_website,ok
0005,BDO (Darwin),BDO (Darwin),,,,"BDO (Darwin) TPB Tax Agent Darwin City BDO (Darwin) is a accounting practice based in Darwin City, Darwin.",https://www.bdo.com.au/en-au/locations/darwin,Accounting,"Audit & assurance, Tax, Business advisory, Outsourced accounting","72 Cavenagh St Darwin, NT, 0800, Australia Email : info",Darwin City,NT,0800,Australia,+61889817066,+61889817066,+61889817066,info.darwin@bdo.com.au,,,,,https://www.bdo.com.au/en-au/contact-us,https://www.linkedin.com/company/bdo-in-australia,,https://www.instagram.com/bdoaustralia/,https://bestaccountantsaustralia.com.au/best/darwin/ | https://www.bdo.com.au/en-au/locations/darwin,industry directory,2026-09-30,92,verified_website,ok
0006,Lowrys Accountants,Lowrys Accountants,,,,Lowrys Accountants TPB Tax Agent Winnellie Lowrys Accountants (Winnellie) is a -qualified accounting firm.,https://lowrys.com.au/,Accounting,"Tax returns, Bookkeeping, Strategy & planning, Finance restructuring","1970', ~20 staff, and the Cnr Coonawarra & Hook Rds, Winnellie NT 0820",Winnellie,NT,0820,Australia,0889472200,0889472200,+61889472200,admin@lowrys.com.au,admin@lowrys.com.au,,,,https://lowrys.com.au/contact/,https://www.linkedin.com/company/lowrysaccountantsnt/,https://www.facebook.com/lowrysaccountants/,https://www.instagram.com/lowrys_accountants/,https://bestaccountantsaustralia.com.au/best/darwin/ | https://lowrys.com.au/,industry directory,2026-09-30,92,verified_website,ok
0007,TCA Accountants & Bookkeepers,TCA Accountants & Bookkeepers,,,,"TCA Accountants & Bookkeepers TPB Tax Agent Stuart Park TCA Accountants & Bookkeepers, in Stuart Park, Darwin, holds credentials.",https://www.tcadarwin.com.au/,Accounting,"Small to medium business, Tax planning & structuring, SMSF administration & compliance, Bookkeeping & payroll","33 Stuart Highway, Stuart Park NT 0820",Stuart Park,NT,0820,Australia,0889813330,0889813330,+61889813330,admin@tcadarwin.com.au,admin@tcadarwin.com.au,,,,https://www.tcadarwin.com.au/contact,,http://www.facebook.com/2008/fbml,,https://bestaccountantsaustralia.com.au/best/darwin/ | https://www.tcadarwin.com.au/,industry directory,2026-09-30,92,verified_website,ok
0008,Vita Gustafson & Associates,Vita Gustafson & Associates,,33624422407,,Vita Gustafson & Associates TPB Tax Agent Yarrawonga (Palmerston) Vita Gustafson & Associates runs a -led accounting practice in Yarrawonga (Palmerston).,https://vitagustafson.com/,Accounting,"Small & medium business, Primary production, Self-managed super funds (SMSF), Personal tax & investment","35+ years experience, and 6 Adams Rd, Yarrawonga, Palmerston NT 0830",Palmerston,NT,0830,Australia,0889322390,0889322390,+61889322390,admin@vgant.com,admin@vgant.com,,,,https://vitagustafson.com/contact/,,https://www.facebook.com/vgant.tax/,https://www.instagram.com/vitagustafson_associates/,https://bestaccountantsaustralia.com.au/best/darwin/ | https://pinkpages.com.au/businesses/vita-gustafson-associates-10450960 | https://vitagustafson.com/,industry directory,2026-09-30,92,verified_website,ok
0009,APG Accounting,APG Accounting,,,,"APG Accounting TPB Tax Agent Yarrawonga (Palmerston) APG Accounting is a accounting practice based in Yarrawonga (Palmerston), Darwin.",https://www.apgaccounting.com.au/,Accounting,"Small business & corporate groups, Self-managed super funds (SMSF), Taxation compliance & BAS, Management accounting & bookkeeping","36/5 McCourt Road, Yarrawonga NT 0830",Yarrawonga,NT,0830,Australia,0889310382,0889310382,+61889310382,reception@apgaccounting.com.au,reception@apgaccounting.com.au,,,,https://www.apgaccounting.com.au/contact,,https://www.facebook.com/APG.Accounting,,https://bestaccountantsaustralia.com.au/best/darwin/ | https://pinkpages.com.au/businesses/apg-accounting-10442113 | https://www.apgaccounting.com.au/,industry directory,2026-09-30,92,verified_website,ok
0010,Northern Accountants,Northern Accountants,,,,Northern Accountants TPB Tax Agent Darwin City Northern Accountants (Darwin City) is a -qualified accounting firm.,https://www.northernaccountants.com.au/,Accounting,"Personal & business tax returns, Partnerships & trusts, Advisory & tax planning, Audit services","2/43 Cavenagh Street, Darwin NT 0800",Darwin,NT,0800,Australia,0879154540,0879154540,+61879154540,admin@northernacc.com.au,admin@northernacc.com.au,,,,https://www.northernaccountants.com.au/contact/,,https://www.facebook.com/tr,https://www.instagram.com/northernaccountantsnt/,https://bestaccountantsaustralia.com.au/best/darwin/ | https://www.northernaccountants.com.au/,industry directory,2026-09-30,92,verified_website,ok
0011,Andrew Wee,Andrew Wee,,,,,,Accounting,,"84 Woods St,DARWIN NT 0800",Darwin,NT,0800,Australia,08 8981 9777,08 8981 9777,+61889819777,,,,,,,,,,https://pinkpages.com.au/businesses/andrew-wee-10442077,business directory,2026-09-30,62,directory,no official website
0012,Angus & Associates,Angus & Associates,,,,,,Accounting,,"Level 1/ 40 Parap Rd,PARAP NT 0820",Parap,NT,0820,Australia,08 8941 2844,08 8941 2844,+61889412844,,,,,,,,,,https://pinkpages.com.au/businesses/angus-associates-10442085,business directory,2026-09-30,62,directory,no official website
0013,Angus Accountants,Angus Accountants,,,,,,Accounting,,"Level 1 40 Parap Rd,PARAP NT 0820",Parap,NT,0820,Australia,08 8941 2844,08 8941 2844,+61889412844,,,,,,,,,,https://pinkpages.com.au/businesses/angus-accountants-10442086,business directory,2026-09-30,62,directory,no official website
0014,Arafura Accounting,Arafura Accounting,,,,,,Accounting,,"PO Box 435,BERRIMAH NT 0828",Berrimah,NT,0828,Australia,08 8947 4090,08 8947 4090,+61889474090,,,,,,,,,,https://pinkpages.com.au/businesses/arafura-accounting-10442140,business directory,2026-09-30,62,directory,no official website
0015,Backman & Backman,Backman & Backman,,,,,,Accounting,,"1/ 70 Cavenagh St,DARWIN NT 0800",Darwin,NT,0800,Australia,08 8941 3552,08 8941 3552,+61889413552,,,,,,,,,,https://pinkpages.com.au/businesses/backman-backman-10442532,business directory,2026-09-30,62,directory,no official website
0016,Barry Hansen Chartered Accountants,Barry Hansen Chartered Accountants,,,,,,Accounting,,"Level 6,62 Cavenagh St,DARWIN NT 0800",Darwin,NT,0800,Australia,08 8981 5585,08 8981 5585,+61889815585,,,,,,,,,,https://pinkpages.com.au/businesses/barry-hansen-chartered-accountants-10442602 | https://pinkpages.com.au/businesses/barry-hansen-chartered-accountants-10442601,business directory,2026-09-30,62,directory,no official website
0017,Bdo,Bdo,,,,,,Accounting,,"BDO Business Centre,72 Cavenagh St,DARWIN NT 0800 1300... Click to show 1300 138 991",Darwin,NT,0800,Australia,1300 138 991,1300 138 991,1300138991,,,,,,,,,,https://pinkpages.com.au/businesses/bdo-10442639 | https://pinkpages.com.au/businesses/bdo-10442637,business directory,2026-09-30,62,directory,no official website
0018,Bell Accounting Nt Pty Ltd,Bell Accounting Nt Pty Ltd,,,,,,Accounting,,"14 Doody Street,BELLAMACK NT 0832",Bellamack,NT,0832,Australia,0889311999,0889311999,+61889311999,,,,,,,,,,https://pinkpages.com.au/businesses/bell-accounting-nt-pty-ltd-11481436,business directory,2026-09-30,62,directory,no official website
0019,Bob Woodward & Associates,Bob Woodward & Associates,,,,,,Accounting,,"54 Graffin Crs,WINNELLIE NT 0820",Winnellie,NT,0820,Australia,08 8924 1100,08 8924 1100,+61889241100,,,,,,,,,,https://pinkpages.com.au/businesses/bob-woodward-associates-10442901,business directory,2026-09-30,62,directory,no official website
0020,Bruce Mark,Bruce Mark,,,,,,Accounting,,"Suite 4/ 132 Smith St,DARWIN NT 0800",Darwin,NT,0800,Australia,08 8941 6868,08 8941 6868,+61889416868,,,,,,,,,,https://pinkpages.com.au/businesses/bruce-mark-10443042,business directory,2026-09-30,62,directory,no official website
0021,Catherine Waterhouse,Catherine Waterhouse,,,,,,Accounting,,"PO Box 1946,PALMERSTON NT 0830",Palmerston,NT,0830,Australia,08 8983 3575,08 8983 3575,+61889833575,,,,,,,,,,https://pinkpages.com.au/businesses/catherine-waterhouse-10443363,business directory,2026-09-30,62,directory,no official website
0022,Chee Munli,Chee Munli,,,,,,Accounting,,"18 Smith St,DARWIN NT 0800",Darwin,NT,0800,Australia,08 8982 9000,08 8982 9000,+61889829000,,,,,,,,,,https://pinkpages.com.au/businesses/chee-munli-10443488,business directory,2026-09-30,62,directory,no official website
0023,Chilman Peter,Chilman Peter,,,,,,Accounting,,"18 Smith St,DARWIN NT 0800",Darwin,NT,0800,Australia,08 8982 9000,08 8982 9000,+61889829000,,,,,,,,,,https://pinkpages.com.au/businesses/chilman-peter-10443511,business directory,2026-09-30,62,directory,no official website
0024,Chin Roland,Chin Roland,,,,,,Accounting,,"18 Smith St,DARWIN NT 0800",Darwin,NT,0800,Australia,08 8982 9000,08 8982 9000,+61889829000,,,,,,,,,,https://pinkpages.com.au/businesses/chin-roland-10443518,business directory,2026-09-30,62,directory,no official website
0025,Cuttler Mary,Cuttler Mary,,,,,,Accounting,,"Unit 8/ 41 Sadgroves Crs,WINNELLIE NT 0820",Winnellie,NT,0820,Australia,08 8947 0955,08 8947 0955,+61889470955,,,,,,,,,,https://pinkpages.com.au/businesses/cuttler-mary-10443958,business directory,2026-09-30,62,directory,no official website
0026,D.n. Bell & Associates,D.n. Bell & Associates,,,,,,Accounting,,"24 Cavenagh St,DARWIN NT 0800",Darwin,NT,0800,Australia,08 8941 0888,08 8941 0888,+61889410888,,,,,,,,,,https://pinkpages.com.au/businesses/dn-bell-associates-10443986,business directory,2026-09-30,62,directory,no official website
0027,De Castro Sullivan Lai,De Castro Sullivan Lai,,,,,,Accounting,,"3rd Floor Cavenagh Centre 43 Cavenagh St,DARWIN NT 0800",Darwin,NT,0800,Australia,08 8941 3977,08 8941 3977,+61889413977,,,,,,,,,,https://pinkpages.com.au/businesses/de-castro-sullivan-lai-10444482,business directory,2026-09-30,62,directory,no official website
0028,Integral Consulting,Integral Consulting,,,,,,Accounting,,CASUARINA NT 0810,Casuarina,NT,0810,Australia,0407 527 447,0407 527 447,+61407527447,,,,,,,,,,https://pinkpages.com.au/businesses/integral-consulting-10446215,business directory,2026-09-30,62,directory,no official website
