company_name,company_description,company_category,company_status,darwin_location,suburb,employee_count,employee_count_min,employee_count_max,employee_count_type,employee_count_source,employee_count_source_url,employee_count_date,company_website,website_domain,website_source,linkedin_url,career_page_found,career_page_url,career_page_status,career_page_last_checked,vacancy_status,company_vacancy_count,seek_vacancy_count,total_vacancy_count,seek_status,company_size_segment,technology_service_type,hiring_signal,last_checked,research_confidence,notes
ACTEK,Opt for professional tax accounting services in Darwin. Our certified agents do the tax planning and preparation on behalf of you.,ICT services,Active,"Darwin, NT",Darwin City,Unknown,,,Unknown,Unknown,,2026-09-29,https://actek.com.au/,actek.com.au,Official company website,https://www.linkedin.com/company/actek-business-solutions,NO,Not found,Checked home and likely career paths; no careers page confirmed,2026-09-29,No vacancies found,0,0,0,Unable to verify,Unknown,Cloud,Unknown,2026-09-29,Medium,ICTNT lists ACTEK as a Darwin ICT member at 66 Smith Street. The current actek.com.au homepage describes tax accounting; treat the website match as uncertain. SEEK could not be verified from this environment (blocked or challenge). Individual SEEK /job/ pages were not fetched. No verified official career page. Employee count could not be verified from public sources.
Area9,"Area9 has the capacity to guide you through the planning, design, implementation and management of the right IT solution needed for your company at an efficient cost.",Managed Service Provider,Active,"Darwin, Winnellie, NT",Winnellie,20-50,20,50,range,InfoMSP directory estimate,https://infomsp.com/msp/darwin/,2026-09-29,https://www.area9.com.au/,area9.com.au,Official company website,https://www.linkedin.com/company/area9it,YES,https://www.area9.com.au/current-vacancies,Vacancies listed,2026-09-29,Active vacancies found,3,0,3,Unable to verify,11-50,MSP,Strong,2026-09-29,High,SEEK could not be verified from this environment (blocked or challenge). Individual SEEK /job/ pages were not fetched.
ASI Solutions,"ASI Solutions delivers managed IT services and technology that makes IT easier for Australian organisations: cloud, security, hardware and support at scale.",Managed Service Provider,Active,"Darwin, NT",Darwin,Unknown,,,Unknown,Unknown,,2026-09-29,https://www.asi.com.au/,asi.com.au,Official company website,https://www.linkedin.com/company/asi-solutions,YES,https://www.asi.com.au/about/careers/,Career page exists but no vacancy,2026-09-29,Career page exists but no vacancy,0,0,0,Unable to verify,Unknown,MSP,Unknown,2026-09-29,Medium,"National/multi-state firm; included because of a Darwin office, listing, or Darwin service page. SEEK could not be verified from this environment (blocked or challenge). Individual SEEK /job/ pages were not fetched. Employee count could not be verified from public sources."
Ategra Computer Technology,Over 25 years providing IT services across the Territory. Ategra is a professional IT Support company providing reliable and efficient support to small and medium-sized organisations.,IT Support,Active,"Palmerston, Yarrawonga, NT",Palmerston,Unknown,,,Unknown,Unknown,,2026-09-29,https://www.ategra.au/,ategra.au,Official company website,https://www.linkedin.com/company/ategra-computer-technology/mycompany/ ,NO,Not found,Checked home and likely career paths; no careers page confirmed,2026-09-29,No vacancies found,0,0,0,Unable to verify,Unknown,Cloud,Unknown,2026-09-29,Medium,SEEK could not be verified from this environment (blocked or challenge). Individual SEEK /job/ pages were not fetched. No verified official career page. Employee count could not be verified from public sources.
BlueReef Technology,"Darwin based IT Support Services & Communications Services. IT Support you don't have to think about, with a strong focus on cyber security & cloud backup.",Managed Service Provider,Active,"Darwin, Winnellie, NT",Winnellie,5-10,5,10,range,InfoMSP directory estimate,https://infomsp.com/msp/darwin/,2026-09-29,https://bluereef.tech/,bluereef.tech,Official company website,https://www.linkedin.com/company/bluereeftechnology,YES,https://bluereef.tech/careers,Career page exists but no vacancy,2026-09-29,Career page exists but no vacancy,0,0,0,Unable to verify,1-10,MSP,Unknown,2026-09-29,High,SEEK could not be verified from this environment (blocked or challenge). Individual SEEK /job/ pages were not fetched.
Captovate,"Captovate offers digital marketing solutions including website design, Google ads and social media ads.",Web / Digital,Active,"Darwin, NT",Darwin City,Unknown,,,Unknown,Unknown,,2026-09-29,https://www.captovate.com.au/,captovate.com.au,Official company website,https://linkedin.com/company/captovate,NO,Not found,Checked home and likely career paths; no careers page confirmed,2026-09-29,No vacancies found,0,0,0,Unable to verify,Unknown,Digital,Unknown,2026-09-29,Medium,SEEK could not be verified from this environment (blocked or challenge). Individual SEEK /job/ pages were not fetched. No verified official career page. Employee count could not be verified from public sources.
Cathara Consulting,"Cathara, Perth's top business and technology consultancy, offers strategic advisory, business transformation, cyber security, and project resourcing to help organisations innovate, transform, and succeed.",Cybersecurity,Active,"Darwin, NT",Darwin City,Unknown,,,Unknown,Unknown,,2026-09-29,https://www.catharaconsulting.com/,catharaconsulting.com,Official company website,https://www.linkedin.com/company/cathara-consulting,YES,https://www.catharaconsulting.com/careers,Career page exists but no vacancy,2026-09-29,Career page exists but no vacancy,0,0,0,Unable to verify,Unknown,Cybersecurity,Unknown,2026-09-29,Medium,SEEK could not be verified from this environment (blocked or challenge). Individual SEEK /job/ pages were not fetched. Employee count could not be verified from public sources.
Charles Darwin University,"Explore courses, research and student life at Charles Darwin University. Find your future and apply or enquire today.",University ICT and digital roles,Active,"Darwin, Palmerston, Casuarina, NT",Casuarina,Unknown,,,Unknown,Unknown,,2026-09-29,https://www.cdu.edu.au/,cdu.edu.au,Official company website,http://www.linkedin.com/company/charles-darwin-university,YES,https://www.cdu.edu.au/careers-cdu,Career page exists but no vacancy,2026-09-29,Career page exists but no vacancy,0,0,0,Unable to verify,Unknown,Digital,Unknown,2026-09-29,Medium,Employer type: University / public. SEEK could not be verified from this environment (blocked or challenge). Individual SEEK /job/ pages were not fetched. Employee count could not be verified from public sources.
Darwin IT Support,"IT Support As a local IT provider based in Darwin, we specialise in setting up and supporting IT systems for businesses. Our services include IT support and help desk, computer and network setup, Microsoft 365 support, cloud solutions, business email configuration, website setup, data backup, secure file server, and cybersecurity protection.",Cybersecurity,Active,"Darwin, NT",Darwin,Unknown,,,Unknown,Unknown,,2026-09-29,https://www.darwinit.com.au/,darwinit.com.au,Official company website,Not found,NO,Not found,Checked home and likely career paths; no careers page confirmed,2026-09-29,No vacancies found,0,0,0,Unable to verify,Unknown,Cybersecurity,Unknown,2026-09-29,Medium,SEEK could not be verified from this environment (blocked or challenge). Individual SEEK /job/ pages were not fetched. No verified official career page. Employee count could not be verified from public sources.
Department of Corporate and Digital Development,Department of Corporate and Digital Development is a Darwin IT/technology organisation. Official public description was not available.,Government ICT,Possibly active,"Darwin, NT",Darwin,Unknown,,,Unknown,Unknown,,2026-09-29,https://dcd.nt.gov.au/,dcd.nt.gov.au,Official company website,Not found,NO,Not found,No career page found,2026-09-29,No vacancies found,0,0,0,Unable to verify,Unknown,Digital,Unknown,2026-09-29,Low,"Employer type: NT Government. Website fetch failed: HTTPSConnectionPool(host='dcd.nt.gov.au', port=443): Max retries exceeded with url: / (Caused by NameResolutionError(""HTTPSConnection(host='dcd.nt.gov.au', port=443): Failed to resolve 'dcd.nt.gov.au' ([Errno -2] Name or service not known)"")) SEEK could not be verified from this environment (blocked or challenge). Individual SEEK /job/ pages were not fetched. No verified official career page. Employee count could not be verified from public sources."
Dialog,Dialog is a Darwin City IT/technology organisation. Official public description was not available.,IT Consulting,Possibly active,"Darwin, NT",Darwin City,Unknown,,,Unknown,Unknown,,2026-09-29,https://www.dialog.com.au/,dialog.com.au,Official company website,Not found,NO,Not found,No career page found,2026-09-29,No vacancies found,0,0,0,Unable to verify,Unknown,Consulting,Unknown,2026-09-29,Low,Website fetch failed: HTTP 403 SEEK could not be verified from this environment (blocked or challenge). Individual SEEK /job/ pages were not fetched. No verified official career page. Employee count could not be verified from public sources.
DXC Technology,"DXC is a leading enterprise technology and innovation partner delivering software, services, and solutions for global enterprises and public sector organizations.",Government ICT,Active,"Darwin, Driver, NT",Darwin City,Unknown,,,Unknown,Unknown,,2026-09-29,https://dxc.com,dxc.com,Official company website,https://www.linkedin.com/company/dxctechnology,NO,Not found,Checked home and likely career paths; no careers page confirmed,2026-09-29,No vacancies found,0,0,0,Unable to verify,Unknown,Other,Unknown,2026-09-29,Medium,"National/multi-state firm; included because of a Darwin office, listing, or Darwin service page. SEEK could not be verified from this environment (blocked or challenge). Individual SEEK /job/ pages were not fetched. No verified official career page. Employee count could not be verified from public sources."
Emerge IT,"Managed IT, cybersecurity and Sovereign AI for regional and remote Australia. 25+ years of local support across the NT, SA and WA, built for the places others won't service.",Managed Service Provider,Active,"Darwin, Berrimah, NT",Berrimah,20-50,20,50,range,InfoMSP directory estimate,https://infomsp.com/msp/darwin/,2026-09-29,https://www.emergeit.com.au/,emergeit.com.au,Official company website,https://www.linkedin.com/company/emerge-it-solutions-pty-ltd,NO,Not found,Checked home and likely career paths; no careers page confirmed,2026-09-29,No vacancies found,0,0,0,Unable to verify,11-50,MSP,Unknown,2026-09-29,Medium,SEEK could not be verified from this environment (blocked or challenge). Individual SEEK /job/ pages were not fetched. No verified official career page.
Fix IT Michael,"Darwin, Palmerston, Howard Springs, Coolalinga, Humpty Doo. We can have your computer repaired quickly and hassle free with our remote software!",Residential and small-business computer services,Active,"Darwin, Palmerston, Coolalinga, Humpty Doo, NT",Palmerston,Unknown,,,Unknown,Unknown,,2026-09-29,https://fixitmichael.com/,fixitmichael.com,Official company website,Not found,NO,Not found,Checked home and likely career paths; no careers page confirmed,2026-09-29,No vacancies found,0,0,0,Unable to verify,Unknown,Other,Unknown,2026-09-29,Medium,SEEK could not be verified from this environment (blocked or challenge). Individual SEEK /job/ pages were not fetched. No verified official career page. Employee count could not be verified from public sources.
Get A Geek NT,"Local managed IT services for Darwin businesses, including Microsoft 365, cyber security, networking and responsive support.",Managed Service Provider,Active,"Darwin, NT",Darwin,Unknown,,,Unknown,Unknown,,2026-09-29,https://getageeknt.com.au/,getageeknt.com.au,Official company website,Not found,NO,Not found,Checked home and likely career paths; no careers page confirmed,2026-09-29,No vacancies found,0,0,0,Unable to verify,Unknown,MSP,Unknown,2026-09-29,Medium,SEEK could not be verified from this environment (blocked or challenge). Individual SEEK /job/ pages were not fetched. No verified official career page. Employee count could not be verified from public sources.
Globe Edge NT,Globe Edge NT is a Lyons-based Cybersecurity organisation.,Cybersecurity,Active,"Darwin, Lyons, NT",Lyons,Unknown,,,Unknown,Unknown,,2026-09-29,https://globedgent.com.au/,globedgent.com.au,Official company website,https://www.linkedin.com/company/globeedge-nt,NO,Not found,Checked home and likely career paths; no careers page confirmed,2026-09-29,No vacancies found,0,0,0,Unable to verify,Unknown,Cybersecurity,Unknown,2026-09-29,Medium,SEEK could not be verified from this environment (blocked or challenge). Individual SEEK /job/ pages were not fetched. No verified official career page. Employee count could not be verified from public sources.
Great Mondays,"The Darwin Software, App, Web & Workflow Development People.",Software / SaaS,Active,"Darwin, NT",Darwin,Unknown,,,Unknown,Unknown,,2026-09-29,https://greatmondays.com.au/,greatmondays.com.au,Official company website,Not found,NO,Not found,Checked home and likely career paths; no careers page confirmed,2026-09-29,No vacancies found,0,0,0,Unable to verify,Unknown,Software,Unknown,2026-09-29,Medium,SEEK could not be verified from this environment (blocked or challenge). Individual SEEK /job/ pages were not fetched. No verified official career page. Employee count could not be verified from public sources.
Hrishi Digital Solutions,"We help Australian small and medium businesses automate repetitive work, connect the software they already use, and build the websites and systems behind it. Darwin and Perth, 18+ years, senior-led.","Software, automation, web applications",Active,"Darwin, Gray, NT",Darwin City,1,1,1,estimated,Public LinkedIn company snippet,https://au.linkedin.com/company/hrishi-digital-solutions-pty-ltd,2026-09-29,https://www.hrishidigital.com.au/,hrishidigital.com.au,Official company website,https://www.linkedin.com/company/hrishi-digital-solutions-pty-ltd,YES,https://www.hrishidigital.com.au/jobs/,Vacancies listed,2026-09-29,Active vacancies found,8,0,8,Unable to verify,1-10,Digital,Strong,2026-09-29,High,SEEK could not be verified from this environment (blocked or challenge). Individual SEEK /job/ pages were not fetched.
IATRT Operations,"Darwin electronics workshop in Winnellie: custom electronic products designed and built, plus computer, electronics, auto and marine repairs.",Managed Service Provider,Active,"Winnellie, NT",Winnellie,Unknown,,,Unknown,Unknown,,2026-09-29,https://iatrt.com/,iatrt.com,Official company website,Not found,NO,Not found,Checked home and likely career paths; no careers page confirmed,2026-09-29,No vacancies found,0,0,0,Unable to verify,Unknown,MSP,Unknown,2026-09-29,Medium,SEEK could not be verified from this environment (blocked or challenge). Individual SEEK /job/ pages were not fetched. No verified official career page. Employee count could not be verified from public sources.
InterSystems,InterSystems is the leading provider of data management solutions for industries with complex challenges. Unlock the potential of your data and move your business forward.,Data and healthcare technology,Active,"Darwin, NT",Darwin City,Unknown,,,Unknown,Unknown,,2026-09-29,https://www.intersystems.com/au/,intersystems.com,Official company website,https://www.linkedin.com/company/InterSystems,YES,https://www.intersystems.com/au/data-technology-company/careers/,Career page exists but no vacancy,2026-09-29,Career page exists but no vacancy,0,0,0,Unable to verify,Unknown,Other,Unknown,2026-09-29,Medium,"National/multi-state firm; included because of a Darwin office, listing, or Darwin service page. SEEK could not be verified from this environment (blocked or challenge). Individual SEEK /job/ pages were not fetched. Employee count could not be verified from public sources."
Jackadder International,Empowering Digital Success A strategic ICT consulting company driven by brilliant minds and bold solutions. We bridge technology and business to deliver real impact.,IT Consulting,Active,"Darwin, Gray, NT",Darwin City,Unknown,,,Unknown,Unknown,,2026-09-29,https://www.jackadder.international/,jackadder.international,Official company website,https://www.linkedin.com/company/jackadder-international,YES,https://www.jackadder.international/careers/,Vacancies listed,2026-09-29,Active vacancies found,5,0,5,Unable to verify,Unknown,Consulting,Strong,2026-09-29,Medium,SEEK could not be verified from this environment (blocked or challenge). Individual SEEK /job/ pages were not fetched. Employee count could not be verified from public sources.
Kinetic IT,Kinetic IT is a Darwin City IT/technology organisation. Official public description was not available.,Managed Service Provider,Possibly active,"Darwin, NT",Darwin City,1400,1400,1400,company stated,Chamber of Commerce NT / Kinetic IT public profile (national headcount),https://chambernt.com.au/Web/Web/Business-Directory/Business-Directory-Detail.aspx?CK=E3AF4C78-C081-4193-99EB-088117103084,2026-09-29,https://www.kineticit.com.au/,kineticit.com.au,Official company website,Not found,NO,Not found,No career page found,2026-09-29,No vacancies found,0,0,0,Unable to verify,500+,MSP,Unknown,2026-09-29,Low,"National/multi-state firm; included because of a Darwin office, listing, or Darwin service page. Website fetch failed: robots.txt disallows SEEK could not be verified from this environment (blocked or challenge). Individual SEEK /job/ pages were not fetched. No verified official career page."
Leal Technology,Leal Technology is a Winnellie IT/technology organisation. Official public description was not available.,Managed Service Provider,Possibly active,"Winnellie, NT",Winnellie,5,5,5,estimated,Public LinkedIn company snippet,https://www.linkedin.com/company/leal-technology,2026-09-29,https://leal.com.au/,leal.com.au,Official company website,https://www.linkedin.com/company/leal-technology,NO,Not found,No career page found,2026-09-29,No vacancies found,0,0,0,Unable to verify,1-10,MSP,Unknown,2026-09-29,Low,"Website fetch failed: HTTPSConnectionPool(host='leal.com.au', port=443): Max retries exceeded with url: / (Caused by NameResolutionError(""HTTPSConnection(host='leal.com.au', port=443): Failed to resolve 'leal.com.au' ([Errno -5] No address associated with hostname)"")) SEEK could not be verified from this environment (blocked or challenge). Individual SEEK /job/ pages were not fetched. No verified official career page."
Majestix Media,Majestix Media is a Darwin IT/technology organisation. Official public description was not available.,Digital media and technology,Active,"Darwin, NT",Darwin,Unknown,,,Unknown,Unknown,,2026-09-29,https://www.majestixmedia.com.au/,majestixmedia.com.au,Official company website,Not found,NO,Not found,Checked home and likely career paths; no careers page confirmed,2026-09-29,No vacancies found,0,0,0,Unable to verify,Unknown,Digital,Unknown,2026-09-29,Medium,SEEK could not be verified from this environment (blocked or challenge). Individual SEEK /job/ pages were not fetched. No verified official career page. Employee count could not be verified from public sources.
Moraitis Consulting,"Award‑winning ICT consulting, recruitment and labour‑hire provider supporting digital transformation, cyber security and project delivery",Cybersecurity,Active,"Darwin, NT",Darwin City,Unknown,,,Unknown,Unknown,,2026-09-29,https://www.moraitisconsulting.com.au/,moraitisconsulting.com.au,Official company website,https://www.linkedin.com/company/moraitis-consulting-pty-ltd,YES,https://www.moraitisconsulting.com.au/careers,Career page exists but no vacancy,2026-09-29,Career page exists but no vacancy,0,0,0,Unable to verify,Unknown,Cybersecurity,Unknown,2026-09-29,Medium,SEEK could not be verified from this environment (blocked or challenge). Individual SEEK /job/ pages were not fetched. Employee count could not be verified from public sources.
MSP Corporation,MSP Corporation is your trusted IT company and managed service provider helping businesses across Australia & NZ.,Managed Service Provider,Active,"Darwin, Rosebery, NT",Darwin City,Unknown,,,Unknown,Unknown,,2026-09-29,https://www.mspcorp.com.au/,mspcorp.com.au,Official company website,https://www.linkedin.com/company/mspcorp-au,YES,https://www.mspcorp.com.au/careers/,Vacancies listed,2026-09-29,Active vacancies found,2,0,2,Unable to verify,Unknown,MSP,Moderate,2026-09-29,Medium,"National/multi-state firm; included because of a Darwin office, listing, or Darwin service page. SEEK could not be verified from this environment (blocked or challenge). Individual SEEK /job/ pages were not fetched. Employee count could not be verified from public sources."
MYtech Consulting Services,"Take the first step toward smarter, more effective AI adoption. Our free AI Readiness Self-Assessment helps you understand where your business currently stands and highlights key areas to improve.",Cloud,Active,"Darwin, NT",Darwin,Unknown,,,Unknown,Unknown,,2026-09-29,https://www.mytechcs.com/,mytechcs.com,Official company website,http://www.linkedin.com/company/mytech-consulting-services,YES,https://www.mytechcs.com/Career,Vacancies listed,2026-09-29,Active vacancies found,2,0,2,Unable to verify,Unknown,Cloud,Moderate,2026-09-29,Medium,SEEK could not be verified from this environment (blocked or challenge). Individual SEEK /job/ pages were not fetched. Employee count could not be verified from public sources.
National Institute of Technology,"National Institute of Technology offers courses in Information Technology, Engineering, Project Management, Business Management & Professional Year Program.",Cybersecurity,Active,"Darwin, Driver, NT",Darwin City,Unknown,,,Unknown,Unknown,,2026-09-29,https://www.nitaustralia.edu.au/,nitaustralia.edu.au,Official company website,Not found,NO,Not found,Checked home and likely career paths; no careers page confirmed,2026-09-29,No vacancies found,0,0,0,Unable to verify,Unknown,Cybersecurity,Unknown,2026-09-29,Medium,SEEK could not be verified from this environment (blocked or challenge). Individual SEEK /job/ pages were not fetched. No verified official career page. Employee count could not be verified from public sources.
NBN Co,Evolving Australia’s digital backbone to meet the ever-changing needs of people across the country.,Networking,Active,"Darwin, NT",Darwin,Unknown,,,Unknown,Unknown,,2026-09-29,https://www.nbnco.com.au/,nbnco.com.au,Official company website,http://www.linkedin.com/company/nbn-co-limited,YES,https://www.nbnco.com.au/corporate-information/careers,Vacancies listed,2026-09-29,Active vacancies found,1,0,1,Unable to verify,Unknown,Networking,Moderate,2026-09-29,Medium,"National/multi-state firm; included because of a Darwin office, listing, or Darwin service page. SEEK could not be verified from this environment (blocked or challenge). Individual SEEK /job/ pages were not fetched. Employee count could not be verified from public sources."
NEC,We bring humanity and world-class technology closer to create a more connected future.,Enterprise ICT and systems,Active,"Darwin, NT",Darwin City,Unknown,,,Unknown,Unknown,,2026-09-29,https://www.nec.com.au/,nec.com.au,Official company website,https://www.linkedin.com/company/nec-australia,YES,https://www.nec.com.au/careers,Career page exists but no vacancy,2026-09-29,Career page exists but no vacancy,0,0,0,Unable to verify,Unknown,Other,Unknown,2026-09-29,Medium,"National/multi-state firm; included because of a Darwin office, listing, or Darwin service page. SEEK could not be verified from this environment (blocked or challenge). Individual SEEK /job/ pages were not fetched. Employee count could not be verified from public sources."
New Future IT,"Experience reliable and efficient IT solutions tailored to your business needs, wherever you are.",Managed Service Provider,Active,"Darwin, Winnellie, NT",Winnellie,30,30,30,estimated,Public LinkedIn company snippet,https://au.linkedin.com/company/new-future-it,2026-09-29,https://www.newfutureit.com.au/,newfutureit.com.au,Official company website,https://www.linkedin.com/company/new-future-it,NO,Not found,Checked home and likely career paths; no careers page confirmed,2026-09-29,No vacancies found,0,0,0,Unable to verify,11-50,MSP,Unknown,2026-09-29,Medium,SEEK could not be verified from this environment (blocked or challenge). Individual SEEK /job/ pages were not fetched. No verified official career page.
NT IT,"NT IT provide expert print, document control, IT and communications solutions to businesses across the Northern Territory.",Telecommunications,Active,"Darwin, Winnellie, NT",Winnellie,8,8,8,company stated,NT IT official About page (Darwin office staff),https://www.ntit.net.au/about-us,2026-09-29,https://www.ntit.net.au/,ntit.net.au,Official company website,https://www.linkedin.com/company/nt-it,YES,https://www.ntit.net.au/careers,Career page exists but no vacancy,2026-09-29,Career page exists but no vacancy,0,0,0,Unable to verify,1-10,Other,Unknown,2026-09-29,High,SEEK could not be verified from this environment (blocked or challenge). Individual SEEK /job/ pages were not fetched.
One IT Services,"One IT Services delivers managed IT, cyber security, cloud, and NBN solutions across Darwin and the NT. Local experts making business safer and easier.",Managed Service Provider,Active,"Darwin, NT",Darwin City,23,23,23,estimated,Public LinkedIn company snippet,https://au.linkedin.com/company/oneitservices,2026-09-29,https://oneitservices.com.au/,oneitservices.com.au,Official company website,https://www.linkedin.com/company/oneitservices,YES,https://oneitservices.com.au/careers/,Career page exists but no vacancy,2026-09-29,Career page exists but no vacancy,0,0,0,Unable to verify,11-50,MSP,Unknown,2026-09-29,High,SEEK could not be verified from this environment (blocked or challenge). Individual SEEK /job/ pages were not fetched.
Pixel Digital IT Solutions,Pixel Digital IT Solutions is a Darwin IT/technology organisation. Official public description was not available.,Managed Service Provider,Possibly active,"Darwin, NT",Darwin,1,1,1,estimated,Public LinkedIn company snippet,https://www.linkedin.com/company/pixel-digital-au,2026-09-29,https://pixeldigital.net.au/,pixeldigital.net.au,Official company website,https://www.linkedin.com/company/pixel-digital-au,NO,Not found,No career page found,2026-09-29,No vacancies found,0,0,0,Unable to verify,1-10,MSP,Unknown,2026-09-29,Low,Website fetch failed: HTTP 403 SEEK could not be verified from this environment (blocked or challenge). Individual SEEK /job/ pages were not fetched. No verified official career page.
Portal Technology,"Your trusted, Territory Proud MSP in Darwin, NT. We specialize in Managed IT, Cyber Security compliance (Essential 8, ISO 27001, RFFR), and 3CX solutions.",Managed Service Provider,Active,"Darwin, Parap, NT",Parap,19,19,19,estimated,Public LinkedIn company snippet,https://www.linkedin.com/company/portaltechnology,2026-09-29,https://portaltechnology.au/,portaltechnology.au,Official company website,https://www.linkedin.com/company/portaltechnology,YES,https://portaltechnology.au/careers,Career page exists but no vacancy,2026-09-29,Career page exists but no vacancy,0,0,0,Unable to verify,11-50,MSP,Unknown,2026-09-29,High,SEEK could not be verified from this environment (blocked or challenge). Individual SEEK /job/ pages were not fetched.
Power and Water Corporation,Power and Water Corporation is a Darwin IT/technology organisation. Official public description was not available.,Utility ICT and digital systems,Possibly active,"Darwin, NT",Darwin,Unknown,,,Unknown,Unknown,,2026-09-29,https://www.powerwater.com.au/,powerwater.com.au,Official company website,Not found,NO,Not found,No career page found,2026-09-29,No vacancies found,0,0,0,Unable to verify,Unknown,Digital,Unknown,2026-09-29,Low,Employer type: Government-owned corporation. Website fetch failed: HTTP 403 SEEK could not be verified from this environment (blocked or challenge). Individual SEEK /job/ pages were not fetched. No verified official career page. Employee count could not be verified from public sources.
Radical Systems,"At Radical Systems, we specialise in delivering highly effective solutions that are finely tuned to meet the unique needs of your organisation.",Software / SaaS,Active,"Darwin, NT",Darwin City,40,40,40,estimated,Public LinkedIn company snippet,https://www.linkedin.com/company/radical-systems,2026-09-29,https://radicalsystems.com.au/,radicalsystems.com.au,Official company website,https://www.linkedin.com/company/radical-systems,YES,https://radicalsystems.com.au/careers/current-opportunities,Career page exists but no vacancy,2026-09-29,Career page exists but no vacancy,0,0,0,Unable to verify,11-50,Software,Unknown,2026-09-29,High,SEEK could not be verified from this environment (blocked or challenge). Individual SEEK /job/ pages were not fetched.
Relational Data Systems,Relational Data Systems are renowned for delivering government level digital transformation and support for mission critical public sector systems in domains,Cybersecurity,Active,"Darwin, NT",Darwin City,Unknown,,,Unknown,Unknown,,2026-09-29,https://relational.com.au/,relational.com.au,Official company website,https://www.linkedin.com/company/relational-data-systems,YES,https://relational.com.au/our-people/careers/,Vacancies listed,2026-09-29,Active vacancies found,4,0,4,Unable to verify,Unknown,Cybersecurity,Strong,2026-09-29,Medium,SEEK could not be verified from this environment (blocked or challenge). Individual SEEK /job/ pages were not fetched. Employee count could not be verified from public sources.
Ricoh Australia,"Ricoh empowers Australian Digital Business with a comprehensive range of Managed IT Services, Managed Print Services, Managed Network Services and a f",Managed Service Provider,Active,"Darwin, NT",Darwin,Unknown,,,Unknown,Unknown,,2026-09-29,https://www.ricoh.com.au/,ricoh.com.au,Official company website,https://www.linkedin.com/company/ricoh-australia,YES,https://www.ricoh.com.au/about-ricoh/careers,Career page exists but no vacancy,2026-09-29,Career page exists but no vacancy,0,0,0,Unable to verify,Unknown,MSP,Unknown,2026-09-29,Medium,"National/multi-state firm; included because of a Darwin office, listing, or Darwin service page. SEEK could not be verified from this environment (blocked or challenge). Individual SEEK /job/ pages were not fetched. Employee count could not be verified from public sources."
Salesforce,"Salesforce is the #1 Agentic AI CRM, helping companies become Agentic Enterprises where humans and agents drive success together through a unified AI, data, and Customer 360 platform.",Software / SaaS,Active,"Darwin, NT",Darwin,Unknown,,,Unknown,Unknown,,2026-09-29,https://www.salesforce.com/au/?bc=HL,salesforce.com,Official company website,Not found,YES,https://www.salesforce.com/company/careers/locations/japac/australia/?bc=HL,Career page exists but no vacancy,2026-09-29,Career page exists but no vacancy,0,0,0,Unable to verify,Unknown,SaaS,Unknown,2026-09-29,Medium,"ICTNT lists a Darwin contact; headquarters listed as Sydney. Include only as a Darwin-listed ICT member, not as a Darwin-headquartered firm. National/multi-state firm; included because of a Darwin office, listing, or Darwin service page. SEEK could not be verified from this environment (blocked or challenge). Individual SEEK /job/ pages were not fetched. Employee count could not be verified from public sources."
SRA Information Technology,"Australian owned and operated for over 30 years, SRA works with Government, Private Enterprises and Startups. Creating innovative tech solutions that empower our clients is our We operate full-service software lifecycle teams from strategic advisory, design, development, support, hosting and roadmap management.",Information technology services,Active,"Darwin, Parap, NT",Darwin,Unknown,,,Unknown,Unknown,,2026-09-29,https://www.sra.com.au/,sra.com.au,Official company website,Not found,NO,Not found,Checked home and likely career paths; no careers page confirmed,2026-09-29,No vacancies found,0,0,0,Unable to verify,Unknown,Other,Unknown,2026-09-29,Medium,SEEK could not be verified from this environment (blocked or challenge). Individual SEEK /job/ pages were not fetched. No verified official career page. Employee count could not be verified from public sources.
Techie4NT,"Techie4NT provides laptop repairs, WiFi support, virus removal, data recovery, and device setup.",IT Support,Active,"Darwin, Palmerston, Coolalinga, Howard Springs, NT",Palmerston,Unknown,,,Unknown,Unknown,,2026-09-29,https://techie4nt.com.au/,techie4nt.com.au,Official company website,Not found,NO,Not found,Checked home and likely career paths; no careers page confirmed,2026-09-29,No vacancies found,0,0,0,Unable to verify,Unknown,IT Support,Unknown,2026-09-29,Medium,SEEK could not be verified from this environment (blocked or challenge). Individual SEEK /job/ pages were not fetched. No verified official career page. Employee count could not be verified from public sources.
TechSend,"At home or in your business TechSend are here to help you. We provide IT Support, Cyber Security, Consulting and Digital Marketing services.",Managed Service Provider,Active,"Darwin, NT",Darwin,Unknown,,,Unknown,Unknown,,2026-09-29,https://www.techsend.com.au/,techsend.com.au,Official company website,https://www.linkedin.com/company/6396391,YES,https://www.techsend.com.au/about/careers/,Vacancies listed,2026-09-29,Active vacancies found,1,0,1,Unable to verify,Unknown,MSP,Moderate,2026-09-29,Medium,SEEK could not be verified from this environment (blocked or challenge). Individual SEEK /job/ pages were not fetched. Employee count could not be verified from public sources.
Territory Technology Solutions,"Enhance collaboration and efficiency with our tailored cloud solutions. Seamless migration, management, and optimisation at your fingertips.",Cybersecurity,Active,"Darwin, Winnellie, NT",Winnellie,10-20,10,20,range,InfoMSP directory estimate,https://infomsp.com/msp/darwin/,2026-09-29,https://www.techsolutions.com.au/,techsolutions.com.au,Official company website,https://www.linkedin.com/company/territory-technology-solutions,YES,https://www.techsolutions.com.au/jobs-at-tts/,Career page exists but no vacancy,2026-09-29,Career page exists but no vacancy,0,0,0,Unable to verify,11-50,Cybersecurity,Unknown,2026-09-29,High,SEEK could not be verified from this environment (blocked or challenge). Individual SEEK /job/ pages were not fetched.
TQA Consulting,"At TQA Consulting, we specialise in delivering expert consulting services for organisations seeking independent, high-quality software assurance across the",Cybersecurity,Active,"Darwin, Bayview, NT",Bayview,Unknown,,,Unknown,Unknown,,2026-09-29,https://www.tqaconsulting.com.au/,tqaconsulting.com.au,Official company website,https://www.linkedin.com/company/tqa-consulting,YES,https://www.tqaconsulting.com.au/career/,Career page exists but no vacancy,2026-09-29,Career page exists but no vacancy,0,0,0,Unable to verify,Unknown,Cybersecurity,Unknown,2026-09-29,Medium,SEEK could not be verified from this environment (blocked or challenge). Individual SEEK /job/ pages were not fetched. Employee count could not be verified from public sources.
True Blue IT Services,"Darwin's True Blue home of reliable IT Services, Websites that sell, digital marketing that works, apps and software that do great things and automation that runs better businesses.",Managed Service Provider,Active,"Darwin, NT",Darwin City,3,3,3,company stated,Chamber of Commerce NT member profile,https://chambernt.com.au/Web/Web/Business-Directory/Business-Directory-Detail.aspx?CK=C134E618-D94D-44CA-885A-DDE5E6BBF1C0,2026-09-29,https://trueblueit.com.au/,trueblueit.com.au,Official company website,Not found,YES,https://trueblueit.com.au/work-with-us,Career page exists but no vacancy,2026-09-29,Career page exists but no vacancy,0,0,0,Unable to verify,1-10,MSP,Unknown,2026-09-29,High,SEEK could not be verified from this environment (blocked or challenge). Individual SEEK /job/ pages were not fetched.
Upstream IT,Upstream IT is a Darwin IT/technology organisation. Official public description was not available.,Cloud,Active,"Darwin, NT",Darwin,Unknown,,,Unknown,Unknown,,2026-09-29,https://upstreamit.com.au/,upstreamit.com.au,Official company website,Not found,YES,https://upstreamit.com.au/careers,Career page exists but no vacancy,2026-09-29,Career page exists but no vacancy,0,0,0,Unable to verify,Unknown,Cloud,Unknown,2026-09-29,Medium,SEEK could not be verified from this environment (blocked or challenge). Individual SEEK /job/ pages were not fetched. Employee count could not be verified from public sources.
Vocus,"Vocus is Australia's specialist provider of fibre, network, and business solutions for businesses, government, and wholesale.",Telecommunications,Active,"Darwin, NT",Darwin,Unknown,,,Unknown,Unknown,,2026-09-29,https://www.vocus.com.au/,vocus.com.au,Official company website,https://www.linkedin.com/company/vocus-communications/posts,YES,https://www.vocus.com.au/about-vocus/careers,Career page exists but no vacancy,2026-09-29,Career page exists but no vacancy,0,0,0,Unable to verify,Unknown,Networking,Unknown,2026-09-29,Medium,"National/multi-state firm; included because of a Darwin office, listing, or Darwin service page. SEEK could not be verified from this environment (blocked or challenge). Individual SEEK /job/ pages were not fetched. Employee count could not be verified from public sources."
We Fix IT,We Fix IT is a Darwin IT/technology organisation. Official public description was not available.,Managed Service Provider,Active,"Darwin, NT",Darwin,Unknown,,,Unknown,Unknown,,2026-09-29,https://wefixit.com.au/,wefixit.com.au,Official company website,Not found,YES,https://wefixit.com.au/careers,Career page exists but no vacancy,2026-09-29,Career page exists but no vacancy,0,0,0,Unable to verify,Unknown,MSP,Unknown,2026-09-29,Medium,SEEK could not be verified from this environment (blocked or challenge). Individual SEEK /job/ pages were not fetched. Employee count could not be verified from public sources.
Xipnos,Our strategic partnerships with leading world class solutions providers covers Portfolio & Project Management and Cyber Security. Have a question or would like to know more about our Courses?,Cybersecurity,Active,"Casuarina, NT",Casuarina,Unknown,,,Unknown,Unknown,,2026-09-29,https://www.xipnos.com/,xipnos.com,Official company website,Not found,NO,Not found,Checked home and likely career paths; no careers page confirmed,2026-09-29,No vacancies found,0,0,0,Unable to verify,Unknown,Cybersecurity,Unknown,2026-09-29,Medium,SEEK could not be verified from this environment (blocked or challenge). Individual SEEK /job/ pages were not fetched. No verified official career page. Employee count could not be verified from public sources.
Secure Data Centre,DXN Solutions Infrastructure at the Edge MODULAR SECURE SCALABLE About DXN PREFABRICATED MODULAR DATA CENTRE DESIGNS Driven by innovation DXN Limited is an ASX listed (ASX:DXN) company that is redefining the way modern data centres are constructed and operated. Our emerging company is built on the shoulders of an experienced team that collectively has many…,Data / GIS,Active,"Darwin, NT",Darwin,Unknown,,,Unknown,Unknown,,2026-09-29,https://dxn.solutions/,dxn.solutions,Official company website,https://www.linkedin.com/company/dxn-limited,NO,Not found,Checked home and likely career paths; no careers page confirmed,2026-09-29,No vacancies found,0,0,0,Unable to verify,Unknown,Data,Unknown,2026-09-29,Medium,ICTNT listed securedatacentre.com.au; that host now returns an empty page. Official operating site used is dxn.solutions. SEEK could not be verified from this environment (blocked or challenge). Individual SEEK /job/ pages were not fetched. No verified official career page. Employee count could not be verified from public sources.
