company_id,employee_id,source_url,source_type,date_accessed,information_found
,,https://bestaccountantsaustralia.com.au/best/darwin/,industry directory,2026-09-30,Best Accountants Australia Darwin ranking
,,https://pinkpages.com.au/services/ACCOUNTANTS-608/loc/darwin-nt-region-NT,business directory,2026-09-30,Pink Pages Darwin-region accountants
,,https://pinkpages.com.au/services/ACCOUNTANTS-608/loc/palmerston-NT,business directory,2026-09-30,Pink Pages Darwin-region accountants
,,https://pinkpages.com.au/services/ACCOUNTANTS-608/loc/casuarina-NT,business directory,2026-09-30,Pink Pages Darwin-region accountants
0001,,https://nexiaemnt.com.au/,company website,2026-09-30,official homepage
0001,,https://nexiaemnt.com.au/about,company website,2026-09-30,official subpage
0001,,https://nexiaemnt.com.au/about-us,company website,2026-09-30,official subpage
0001,,https://nexiaemnt.com.au/about-us/,company website,2026-09-30,official subpage
0001,,https://nexiaemnt.com.au/contact,company website,2026-09-30,official subpage
0001,,https://nexiaemnt.com.au/contact-us,company website,2026-09-30,official subpage
0001,,https://nexiaemnt.com.au/contact-us/,company website,2026-09-30,official subpage
0001,,https://nexiaemnt.com.au/team,company website,2026-09-30,official subpage
0002,,https://rbant.com.au/,company website,2026-09-30,official homepage
0002,,https://rbant.com.au/about,company website,2026-09-30,official subpage
0002,,https://rbant.com.au/about-us,company website,2026-09-30,official subpage
0002,,https://rbant.com.au/about-us/,company website,2026-09-30,official subpage
0002,,https://rbant.com.au/contact,company website,2026-09-30,official subpage
0002,,https://rbant.com.au/contact-us,company website,2026-09-30,official subpage
0002,,https://rbant.com.au/contact-us/,company website,2026-09-30,official subpage
0002,,https://rbant.com.au/team,company website,2026-09-30,official subpage
0003,,https://www.wrenchristou.com.au/,company website,2026-09-30,official homepage
0003,,https://www.wrenchristou.com.au/about,company website,2026-09-30,official subpage
0003,,https://www.wrenchristou.com.au/about-us,company website,2026-09-30,official subpage
0003,,https://www.wrenchristou.com.au/about-us/,company website,2026-09-30,official subpage
0003,,https://www.wrenchristou.com.au/contact,company website,2026-09-30,official subpage
0003,,https://www.wrenchristou.com.au/contact-us,company website,2026-09-30,official subpage
0003,,https://www.wrenchristou.com.au/contact-us/,company website,2026-09-30,official subpage
0003,,https://www.wrenchristou.com.au/team,company website,2026-09-30,official subpage
0004,,https://www.moore-australia.com.au/locations/darwin/moore-australia-nt-darwin/,company website,2026-09-30,official homepage
0004,,https://www.moore-australia.com.au/,company website,2026-09-30,official subpage
0004,,https://www.moore-australia.com.au/about,company website,2026-09-30,official subpage
0004,,https://www.moore-australia.com.au/about-us,company website,2026-09-30,official subpage
0004,,https://www.moore-australia.com.au/about-us/,company website,2026-09-30,official subpage
0004,,https://www.moore-australia.com.au/contact,company website,2026-09-30,official subpage
0004,,https://www.moore-australia.com.au/contact-us,company website,2026-09-30,official subpage
0004,,https://www.moore-australia.com.au/contact-us/,company website,2026-09-30,official subpage
0004,Nathan Reichstein,https://www.moore-australia.com.au/locations/darwin/moore-australia-nt-darwin/,official website staff page,2026-09-30,employee Nathan Reichstein
0004,Steven Sakkas,https://www.moore-australia.com.au/about-us/,official website staff page,2026-09-30,employee Steven Sakkas
0004,Matt Thomson,https://www.moore-australia.com.au/about-us/,official website staff page,2026-09-30,employee Matt Thomson
0005,,https://www.bdo.com.au/en-au/locations/darwin,company website,2026-09-30,official homepage
0005,,https://www.bdo.com.au/,company website,2026-09-30,official subpage
0005,,https://www.bdo.com.au/about,company website,2026-09-30,official subpage
0005,,https://www.bdo.com.au/about-us,company website,2026-09-30,official subpage
0005,,https://www.bdo.com.au/about-us/,company website,2026-09-30,official subpage
0005,,https://www.bdo.com.au/contact,company website,2026-09-30,official subpage
0005,,https://www.bdo.com.au/contact-us,company website,2026-09-30,official subpage
0005,,https://www.bdo.com.au/contact-us/,company website,2026-09-30,official subpage
0006,,https://lowrys.com.au/,company website,2026-09-30,official homepage
0006,,https://lowrys.com.au/about,company website,2026-09-30,official subpage
0006,,https://lowrys.com.au/about-us,company website,2026-09-30,official subpage
0006,,https://lowrys.com.au/about-us/,company website,2026-09-30,official subpage
0006,,https://lowrys.com.au/contact,company website,2026-09-30,official subpage
0006,,https://lowrys.com.au/contact-us,company website,2026-09-30,official subpage
0006,,https://lowrys.com.au/contact-us/,company website,2026-09-30,official subpage
0006,,https://lowrys.com.au/team,company website,2026-09-30,official subpage
0007,,https://www.tcadarwin.com.au/,company website,2026-09-30,official homepage
0007,,https://www.tcadarwin.com.au/about,company website,2026-09-30,official subpage
0007,,https://www.tcadarwin.com.au/about-us,company website,2026-09-30,official subpage
0007,,https://www.tcadarwin.com.au/about-us/,company website,2026-09-30,official subpage
0007,,https://www.tcadarwin.com.au/contact,company website,2026-09-30,official subpage
0007,,https://www.tcadarwin.com.au/contact-us,company website,2026-09-30,official subpage
0007,,https://www.tcadarwin.com.au/contact-us/,company website,2026-09-30,official subpage
0007,,https://www.tcadarwin.com.au/team,company website,2026-09-30,official subpage
0008,,https://vitagustafson.com/,company website,2026-09-30,official homepage
0008,,https://vitagustafson.com/about,company website,2026-09-30,official subpage
0008,,https://vitagustafson.com/about-us,company website,2026-09-30,official subpage
0008,,https://vitagustafson.com/about-us/,company website,2026-09-30,official subpage
0008,,https://vitagustafson.com/contact,company website,2026-09-30,official subpage
0008,,https://vitagustafson.com/contact-us,company website,2026-09-30,official subpage
0008,,https://vitagustafson.com/contact-us/,company website,2026-09-30,official subpage
0008,,https://vitagustafson.com/team,company website,2026-09-30,official subpage
0009,,https://www.apgaccounting.com.au/,company website,2026-09-30,official homepage
0009,,https://www.apgaccounting.com.au/about,company website,2026-09-30,official subpage
0009,,https://www.apgaccounting.com.au/about-us,company website,2026-09-30,official subpage
0009,,https://www.apgaccounting.com.au/about-us/,company website,2026-09-30,official subpage
0009,,https://www.apgaccounting.com.au/contact,company website,2026-09-30,official subpage
0009,,https://www.apgaccounting.com.au/contact-us,company website,2026-09-30,official subpage
0009,,https://www.apgaccounting.com.au/contact-us/,company website,2026-09-30,official subpage
0009,,https://www.apgaccounting.com.au/team,company website,2026-09-30,official subpage
0010,,https://www.northernaccountants.com.au/,company website,2026-09-30,official homepage
0010,,https://www.northernaccountants.com.au/about,company website,2026-09-30,official subpage
0010,,https://www.northernaccountants.com.au/about-us,company website,2026-09-30,official subpage
0010,,https://www.northernaccountants.com.au/about-us/,company website,2026-09-30,official subpage
0010,,https://www.northernaccountants.com.au/contact,company website,2026-09-30,official subpage
0010,,https://www.northernaccountants.com.au/contact-us,company website,2026-09-30,official subpage
0010,,https://www.northernaccountants.com.au/contact-us/,company website,2026-09-30,official subpage
0010,,https://www.northernaccountants.com.au/team,company website,2026-09-30,official subpage
