company_name,data_field,value,source_name,source_url,source_type,date_checked,confidence,source_status
ACTEK,discovery,ICTNT directory,ICTNT directory,https://www.ictnt.asn.au/ict-directory/219,directory/search,2026-09-29,High,OK
Area9,discovery,ICTNT directory,ICTNT directory,https://www.ictnt.asn.au/ict-directory/89,directory/search,2026-09-29,High,OK
ASI Solutions,discovery,Official Darwin service page,Official Darwin service page,https://www.asi.com.au/,directory/search,2026-09-29,High,OK
Ategra Computer Technology,discovery,Chamber of Commerce NT / official website,Chamber of Commerce NT / official website,https://www.ategra.au/,directory/search,2026-09-29,High,OK
BlueReef Technology,discovery,Official website,Official website,https://bluereef.tech/,directory/search,2026-09-29,High,OK
Captovate,discovery,ICTNT directory,ICTNT directory,https://www.ictnt.asn.au/ict-directory/94,directory/search,2026-09-29,High,OK
Cathara Consulting,discovery,ICTNT directory,ICTNT directory,https://www.ictnt.asn.au/ict-directory/228,directory/search,2026-09-29,High,OK
Charles Darwin University,discovery,Official website,Official website,https://www.cdu.edu.au/,directory/search,2026-09-29,High,OK
Darwin IT Support,discovery,Official website,Official website,https://www.darwinit.com.au/,directory/search,2026-09-29,High,OK
Department of Corporate and Digital Development,discovery,Official NT Government employer,Official NT Government employer,https://dcd.nt.gov.au/,directory/search,2026-09-29,High,OK
Dialog,discovery,ICTNT directory,ICTNT directory,https://www.ictnt.asn.au/ict-directory/102,directory/search,2026-09-29,High,OK
DXC Technology,discovery,ICTNT directory,ICTNT directory,https://www.ictnt.asn.au/ict-directory/211,directory/search,2026-09-29,High,OK
Emerge IT,discovery,ICTNT directory / Chamber of Commerce NT,ICTNT directory / Chamber of Commerce NT,https://www.ictnt.asn.au/ict-directory/204,directory/search,2026-09-29,High,OK
Fix IT Michael,discovery,Official website,Official website,https://fixitmichael.com/,directory/search,2026-09-29,High,OK
Get A Geek NT,discovery,Official website,Official website,https://getageeknt.com.au/,directory/search,2026-09-29,High,OK
Globe Edge NT,discovery,Official website,Official website,https://globedgent.com.au/,directory/search,2026-09-29,High,OK
Great Mondays,discovery,Official website,Official website,https://greatmondays.com.au/,directory/search,2026-09-29,High,OK
Hrishi Digital Solutions,discovery,Chamber of Commerce NT / official website,Chamber of Commerce NT / official website,https://www.hrishidigital.com.au/,directory/search,2026-09-29,High,OK
IATRT Operations,discovery,Official website,Official website,https://iatrt.com/,directory/search,2026-09-29,High,OK
InterSystems,discovery,ICTNT directory,ICTNT directory,https://www.ictnt.asn.au/ict-directory/183,directory/search,2026-09-29,High,OK
Jackadder International,discovery,ICTNT directory,ICTNT directory,https://www.ictnt.asn.au/ict-directory/224,directory/search,2026-09-29,High,OK
Kinetic IT,discovery,ICTNT directory / Chamber of Commerce NT,ICTNT directory / Chamber of Commerce NT,https://www.ictnt.asn.au/ict-directory/159,directory/search,2026-09-29,High,OK
Leal Technology,discovery,Public directory / official website,Public directory / official website,https://leal.com.au/,directory/search,2026-09-29,High,OK
Majestix Media,discovery,ICTNT directory,ICTNT directory,https://www.ictnt.asn.au/ict-directory/170,directory/search,2026-09-29,High,OK
Moraitis Consulting,discovery,ICTNT directory,ICTNT directory,https://www.ictnt.asn.au/ict-directory/225,directory/search,2026-09-29,High,OK
MSP Corporation,discovery,Official Darwin service page,Official Darwin service page,https://www.mspcorp.com.au/,directory/search,2026-09-29,High,OK
MYtech Consulting Services,discovery,Official website,Official website,https://www.mytechcs.com/,directory/search,2026-09-29,High,OK
National Institute of Technology,discovery,ICTNT directory,ICTNT directory,https://www.ictnt.asn.au/ict-directory/232,directory/search,2026-09-29,High,OK
NBN Co,discovery,ICTNT directory,ICTNT directory,https://www.ictnt.asn.au/ict-directory/234,directory/search,2026-09-29,High,OK
NEC,discovery,ICTNT directory,ICTNT directory,https://www.ictnt.asn.au/ict-directory/155,directory/search,2026-09-29,High,OK
New Future IT,discovery,InfoMSP / official website,InfoMSP / official website,https://www.newfutureit.com.au/,directory/search,2026-09-29,High,OK
NT IT,discovery,Chamber of Commerce NT / official website,Chamber of Commerce NT / official website,https://www.ntit.net.au/,directory/search,2026-09-29,High,OK
One IT Services,discovery,ICTNT directory,ICTNT directory,https://www.ictnt.asn.au/ict-directory/205,directory/search,2026-09-29,High,OK
Pixel Digital IT Solutions,discovery,Chamber of Commerce NT / official website,Chamber of Commerce NT / official website,https://pixeldigital.net.au/,directory/search,2026-09-29,High,OK
Portal Technology,discovery,Chamber of Commerce NT / official website,Chamber of Commerce NT / official website,https://portaltechnology.au/,directory/search,2026-09-29,High,OK
Power and Water Corporation,discovery,NT Government related employer,NT Government related employer,https://www.powerwater.com.au/,directory/search,2026-09-29,High,OK
Radical Systems,discovery,ICTNT directory,ICTNT directory,https://www.ictnt.asn.au/ict-directory/150,directory/search,2026-09-29,High,OK
Relational Data Systems,discovery,ICTNT directory,ICTNT directory,https://www.ictnt.asn.au/ict-directory/165,directory/search,2026-09-29,High,OK
Ricoh Australia,discovery,ICTNT directory,ICTNT directory,https://www.ictnt.asn.au/ict-directory/178,directory/search,2026-09-29,High,OK
Salesforce,discovery,ICTNT Darwin listing,ICTNT Darwin listing,https://www.ictnt.asn.au/ict-directory/243,directory/search,2026-09-29,High,OK
SRA Information Technology,discovery,ICTNT directory,ICTNT directory,https://www.ictnt.asn.au/ict-directory/98,directory/search,2026-09-29,High,OK
Techie4NT,discovery,Official website,Official website,https://techie4nt.com.au/,directory/search,2026-09-29,High,OK
TechSend,discovery,Official website,Official website,https://www.techsend.com.au/,directory/search,2026-09-29,High,OK
Territory Technology Solutions,discovery,ICTNT directory,ICTNT directory,https://www.ictnt.asn.au/ict-directory/144,directory/search,2026-09-29,High,OK
TQA Consulting,discovery,ICTNT directory,ICTNT directory,https://www.ictnt.asn.au/ict-directory/200,directory/search,2026-09-29,High,OK
True Blue IT Services,discovery,Official website / Chamber of Commerce NT,Official website / Chamber of Commerce NT,https://trueblueit.com.au/,directory/search,2026-09-29,High,OK
Upstream IT,discovery,Official website,Official website,https://upstreamit.com.au/,directory/search,2026-09-29,High,OK
Vocus,discovery,ICTNT-related Darwin listing / official website,ICTNT-related Darwin listing / official website,https://www.vocus.com.au/,directory/search,2026-09-29,High,OK
We Fix IT,discovery,Official website,Official website,https://wefixit.com.au/,directory/search,2026-09-29,High,OK
Xipnos,discovery,Official website / ICTNT-related Darwin firm,Official website / ICTNT-related Darwin firm,https://www.xipnos.com/,directory/search,2026-09-29,High,OK
,discovery_index,0 ICTNT Darwin/Palmerston rows,ICTNT directory,https://www.ictnt.asn.au/ict-list-view,directory,2026-09-29,High,OK
ACTEK,company_website,https://actek.com.au/,Official website fetch,https://actek.com.au/,website,2026-09-29,High,OK
ACTEK,linkedin_url,https://www.linkedin.com/company/actek-business-solutions,Official website,https://actek.com.au/,website,2026-09-29,High,OK
ACTEK,career_page_url,Not found,Official website,https://actek.com.au/,website,2026-09-29,Medium,OK
ACTEK,seek_status,Unable to verify,SEEK keyword search,https://www.seek.com.au/jobs?keywords=%22ACTEK%22+Darwin,SEEK,2026-09-29,Low,Blocked
ACTEK,company_description,Opt for professional tax accounting services in Darwin. Our certified agents do the tax planning and preparation on behalf of you.,Official website summary,https://actek.com.au/,website,2026-09-29,Medium,OK
Area9,company_website,https://www.area9.com.au/,Official website fetch,https://www.area9.com.au/,website,2026-09-29,High,OK
Area9,linkedin_url,https://www.linkedin.com/company/area9it,Official website,https://www.area9.com.au/,website,2026-09-29,High,OK
Area9,employee_count,20-50,InfoMSP directory estimate,https://infomsp.com/msp/darwin/,employee evidence,2026-09-29,Medium,OK
Area9,career_page_url,https://www.area9.com.au/current-vacancies,Official website,https://www.area9.com.au/current-vacancies,website,2026-09-29,High,OK
Area9,seek_status,Unable to verify,SEEK keyword search,,SEEK,2026-09-29,Low,Blocked
Area9,company_description,"Area9 has the capacity to guide you through the planning, design, implementation and management of the right IT solution needed for your company at an efficient cost.",Official website summary,https://www.area9.com.au/,website,2026-09-29,High,OK
ASI Solutions,company_website,https://www.asi.com.au/,Official website fetch,https://www.asi.com.au/,website,2026-09-29,High,OK
ASI Solutions,linkedin_url,https://www.linkedin.com/company/asi-solutions,Official website,https://www.asi.com.au/,website,2026-09-29,High,OK
ASI Solutions,career_page_url,https://www.asi.com.au/about/careers/,Official website,https://www.asi.com.au/about/careers/,website,2026-09-29,High,OK
ASI Solutions,seek_status,Unable to verify,SEEK keyword search,,SEEK,2026-09-29,Low,Blocked
ASI Solutions,company_description,"ASI Solutions delivers managed IT services and technology that makes IT easier for Australian organisations: cloud, security, hardware and support at scale.",Official website summary,https://www.asi.com.au/,website,2026-09-29,Medium,OK
Ategra Computer Technology,company_website,https://www.ategra.au/,Official website fetch,https://www.ategra.au/,website,2026-09-29,High,OK
Ategra Computer Technology,linkedin_url,https://www.linkedin.com/company/ategra-computer-technology/mycompany/ ,Official website,https://www.ategra.au/,website,2026-09-29,High,OK
Ategra Computer Technology,career_page_url,Not found,Official website,https://www.ategra.au/,website,2026-09-29,Medium,OK
Ategra Computer Technology,seek_status,Unable to verify,SEEK keyword search,,SEEK,2026-09-29,Low,Blocked
Ategra Computer Technology,company_description,Over 25 years providing IT services across the Territory. Ategra is a professional IT Support company providing reliable and efficient support to small and medium-sized organisatio,Official website summary,https://www.ategra.au/,website,2026-09-29,Medium,OK
BlueReef Technology,company_website,https://bluereef.tech/,Official website fetch,https://bluereef.tech/,website,2026-09-29,High,OK
BlueReef Technology,linkedin_url,https://www.linkedin.com/company/bluereeftechnology,Official website,https://bluereef.tech/,website,2026-09-29,High,OK
BlueReef Technology,employee_count,5-10,InfoMSP directory estimate,https://infomsp.com/msp/darwin/,employee evidence,2026-09-29,Medium,OK
BlueReef Technology,career_page_url,https://bluereef.tech/careers,Official website,https://bluereef.tech/careers,website,2026-09-29,High,OK
BlueReef Technology,seek_status,Unable to verify,SEEK keyword search,,SEEK,2026-09-29,Low,Blocked
BlueReef Technology,company_description,"Darwin based IT Support Services & Communications Services. IT Support you don't have to think about, with a strong focus on cyber security & cloud backup.",Official website summary,https://bluereef.tech/,website,2026-09-29,High,OK
Captovate,company_website,https://www.captovate.com.au/,Official website fetch,https://www.captovate.com.au/,website,2026-09-29,High,OK
Captovate,linkedin_url,https://linkedin.com/company/captovate,Official website,https://www.captovate.com.au/,website,2026-09-29,High,OK
Captovate,career_page_url,Not found,Official website,https://www.captovate.com.au/,website,2026-09-29,Medium,OK
Captovate,seek_status,Unable to verify,SEEK keyword search,,SEEK,2026-09-29,Low,Blocked
Captovate,company_description,"Captovate offers digital marketing solutions including website design, Google ads and social media ads.",Official website summary,https://www.captovate.com.au/,website,2026-09-29,Medium,OK
Cathara Consulting,company_website,https://www.catharaconsulting.com/,Official website fetch,https://www.catharaconsulting.com/,website,2026-09-29,High,OK
Cathara Consulting,linkedin_url,https://www.linkedin.com/company/cathara-consulting,Official website,https://www.catharaconsulting.com/,website,2026-09-29,High,OK
Cathara Consulting,career_page_url,https://www.catharaconsulting.com/careers,Official website,https://www.catharaconsulting.com/careers,website,2026-09-29,High,OK
Cathara Consulting,seek_status,Unable to verify,SEEK keyword search,,SEEK,2026-09-29,Low,Blocked
Cathara Consulting,company_description,"Cathara, Perth's top business and technology consultancy, offers strategic advisory, business transformation, cyber security, and project resourcing to help organisations innovate,",Official website summary,https://www.catharaconsulting.com/,website,2026-09-29,Medium,OK
Charles Darwin University,company_website,https://www.cdu.edu.au/,Official website fetch,https://www.cdu.edu.au/,website,2026-09-29,High,OK
Charles Darwin University,linkedin_url,http://www.linkedin.com/company/charles-darwin-university,Official website,https://www.cdu.edu.au/,website,2026-09-29,High,OK
Charles Darwin University,career_page_url,https://www.cdu.edu.au/careers-cdu,Official website,https://www.cdu.edu.au/careers-cdu,website,2026-09-29,High,OK
Charles Darwin University,seek_status,Unable to verify,SEEK keyword search,,SEEK,2026-09-29,Low,Blocked
Charles Darwin University,company_description,"Explore courses, research and student life at Charles Darwin University. Find your future and apply or enquire today.",Official website summary,https://www.cdu.edu.au/,website,2026-09-29,Medium,OK
Darwin IT Support,company_website,https://www.darwinit.com.au/,Official website fetch,https://www.darwinit.com.au/,website,2026-09-29,High,OK
Darwin IT Support,career_page_url,Not found,Official website,https://www.darwinit.com.au/,website,2026-09-29,Medium,OK
Darwin IT Support,seek_status,Unable to verify,SEEK keyword search,,SEEK,2026-09-29,Low,Blocked
Darwin IT Support,company_description,"IT Support As a local IT provider based in Darwin, we specialise in setting up and supporting IT systems for businesses. Our services include IT support and help desk, computer and",Official website summary,https://www.darwinit.com.au/,website,2026-09-29,Medium,OK
Department of Corporate and Digital Development,company_website,Not found,Official website fetch,https://dcd.nt.gov.au/,website,2026-09-29,Low,Error
Department of Corporate and Digital Development,seek_status,Unable to verify,SEEK keyword search,,SEEK,2026-09-29,Low,Blocked
Department of Corporate and Digital Development,company_description,Department of Corporate and Digital Development is a Darwin IT/technology organisation. Official public description was not available.,Official website summary,https://dcd.nt.gov.au/,website,2026-09-29,Low,OK
Dialog,company_website,Not found,Official website fetch,https://www.dialog.com.au/,website,2026-09-29,Low,Blocked
Dialog,seek_status,Unable to verify,SEEK keyword search,,SEEK,2026-09-29,Low,Blocked
Dialog,company_description,Dialog is a Darwin City IT/technology organisation. Official public description was not available.,Official website summary,https://www.dialog.com.au/,website,2026-09-29,Low,OK
DXC Technology,company_website,https://dxc.com,Official website fetch,https://dxc.com,website,2026-09-29,High,OK
DXC Technology,linkedin_url,https://www.linkedin.com/company/dxctechnology,Official website,https://dxc.com,website,2026-09-29,High,OK
DXC Technology,career_page_url,Not found,Official website,https://dxc.com,website,2026-09-29,Medium,OK
DXC Technology,seek_status,Unable to verify,SEEK keyword search,,SEEK,2026-09-29,Low,Blocked
DXC Technology,company_description,"DXC is a leading enterprise technology and innovation partner delivering software, services, and solutions for global enterprises and public sector organizations.",Official website summary,https://dxc.com,website,2026-09-29,Medium,OK
Emerge IT,company_website,https://www.emergeit.com.au/,Official website fetch,https://www.emergeit.com.au/,website,2026-09-29,High,OK
Emerge IT,linkedin_url,https://www.linkedin.com/company/emerge-it-solutions-pty-ltd,Official website,https://www.emergeit.com.au/,website,2026-09-29,High,OK
Emerge IT,employee_count,20-50,InfoMSP directory estimate,https://infomsp.com/msp/darwin/,employee evidence,2026-09-29,Medium,OK
Emerge IT,career_page_url,Not found,Official website,https://www.emergeit.com.au/,website,2026-09-29,Medium,OK
Emerge IT,seek_status,Unable to verify,SEEK keyword search,,SEEK,2026-09-29,Low,Blocked
Emerge IT,company_description,"Managed IT, cybersecurity and Sovereign AI for regional and remote Australia. 25+ years of local support across the NT, SA and WA, built for the places others won't service.",Official website summary,https://www.emergeit.com.au/,website,2026-09-29,Medium,OK
Fix IT Michael,company_website,https://fixitmichael.com/,Official website fetch,https://fixitmichael.com/,website,2026-09-29,High,OK
Fix IT Michael,career_page_url,Not found,Official website,https://fixitmichael.com/,website,2026-09-29,Medium,OK
Fix IT Michael,seek_status,Unable to verify,SEEK keyword search,,SEEK,2026-09-29,Low,Blocked
Fix IT Michael,company_description,"Darwin, Palmerston, Howard Springs, Coolalinga, Humpty Doo. We can have your computer repaired quickly and hassle free with our remote software!",Official website summary,https://fixitmichael.com/,website,2026-09-29,Medium,OK
Get A Geek NT,company_website,https://getageeknt.com.au/,Official website fetch,https://getageeknt.com.au/,website,2026-09-29,High,OK
Get A Geek NT,career_page_url,Not found,Official website,https://getageeknt.com.au/,website,2026-09-29,Medium,OK
Get A Geek NT,seek_status,Unable to verify,SEEK keyword search,,SEEK,2026-09-29,Low,Blocked
Get A Geek NT,company_description,"Local managed IT services for Darwin businesses, including Microsoft 365, cyber security, networking and responsive support.",Official website summary,https://getageeknt.com.au/,website,2026-09-29,Medium,OK
Globe Edge NT,company_website,https://globedgent.com.au/,Official website fetch,https://globedgent.com.au/,website,2026-09-29,High,OK
Globe Edge NT,linkedin_url,https://www.linkedin.com/company/globeedge-nt,Official website,https://globedgent.com.au/,website,2026-09-29,High,OK
Globe Edge NT,career_page_url,Not found,Official website,https://globedgent.com.au/,website,2026-09-29,Medium,OK
Globe Edge NT,seek_status,Unable to verify,SEEK keyword search,,SEEK,2026-09-29,Low,Blocked
Globe Edge NT,company_description,Globe Edge NT is a Lyons-based Cybersecurity organisation.,Official website summary,https://globedgent.com.au/,website,2026-09-29,Medium,OK
Great Mondays,company_website,https://greatmondays.com.au/,Official website fetch,https://greatmondays.com.au/,website,2026-09-29,High,OK
Great Mondays,career_page_url,Not found,Official website,https://greatmondays.com.au/,website,2026-09-29,Medium,OK
Great Mondays,seek_status,Unable to verify,SEEK keyword search,,SEEK,2026-09-29,Low,Blocked
Great Mondays,company_description,"The Darwin Software, App, Web & Workflow Development People.",Official website summary,https://greatmondays.com.au/,website,2026-09-29,Medium,OK
Hrishi Digital Solutions,company_website,https://www.hrishidigital.com.au/,Official website fetch,https://www.hrishidigital.com.au/,website,2026-09-29,High,OK
Hrishi Digital Solutions,linkedin_url,https://www.linkedin.com/company/hrishi-digital-solutions-pty-ltd,Official website,https://www.hrishidigital.com.au/,website,2026-09-29,High,OK
Hrishi Digital Solutions,employee_count,1,Public LinkedIn company snippet,https://au.linkedin.com/company/hrishi-digital-solutions-pty-ltd,employee evidence,2026-09-29,Medium,OK
Hrishi Digital Solutions,career_page_url,https://www.hrishidigital.com.au/jobs/,Official website,https://www.hrishidigital.com.au/jobs/,website,2026-09-29,High,OK
Hrishi Digital Solutions,seek_status,Unable to verify,SEEK keyword search,,SEEK,2026-09-29,Low,Blocked
Hrishi Digital Solutions,company_description,"We help Australian small and medium businesses automate repetitive work, connect the software they already use, and build the websites and systems behind it. Darwin and Perth, 18+ ",Official website summary,https://www.hrishidigital.com.au/,website,2026-09-29,High,OK
IATRT Operations,company_website,https://iatrt.com/,Official website fetch,https://iatrt.com/,website,2026-09-29,High,OK
IATRT Operations,career_page_url,Not found,Official website,https://iatrt.com/,website,2026-09-29,Medium,OK
IATRT Operations,seek_status,Unable to verify,SEEK keyword search,,SEEK,2026-09-29,Low,Blocked
IATRT Operations,company_description,"Darwin electronics workshop in Winnellie: custom electronic products designed and built, plus computer, electronics, auto and marine repairs.",Official website summary,https://iatrt.com/,website,2026-09-29,Medium,OK
InterSystems,company_website,https://www.intersystems.com/au/,Official website fetch,https://www.intersystems.com/au/,website,2026-09-29,High,OK
InterSystems,linkedin_url,https://www.linkedin.com/company/InterSystems,Official website,https://www.intersystems.com/au/,website,2026-09-29,High,OK
InterSystems,career_page_url,https://www.intersystems.com/au/data-technology-company/careers/,Official website,https://www.intersystems.com/au/data-technology-company/careers/,website,2026-09-29,High,OK
InterSystems,seek_status,Unable to verify,SEEK keyword search,,SEEK,2026-09-29,Low,Blocked
InterSystems,company_description,InterSystems is the leading provider of data management solutions for industries with complex challenges. Unlock the potential of your data and move your business forward.,Official website summary,https://www.intersystems.com/au/,website,2026-09-29,Medium,OK
Jackadder International,company_website,https://www.jackadder.international/,Official website fetch,https://www.jackadder.international/,website,2026-09-29,High,OK
Jackadder International,linkedin_url,https://www.linkedin.com/company/jackadder-international,Official website,https://www.jackadder.international/,website,2026-09-29,High,OK
Jackadder International,career_page_url,https://www.jackadder.international/careers/,Official website,https://www.jackadder.international/careers/,website,2026-09-29,High,OK
Jackadder International,seek_status,Unable to verify,SEEK keyword search,,SEEK,2026-09-29,Low,Blocked
Jackadder International,company_description,Empowering Digital Success A strategic ICT consulting company driven by brilliant minds and bold solutions. We bridge technology and business to deliver real impact.,Official website summary,https://www.jackadder.international/,website,2026-09-29,Medium,OK
Kinetic IT,company_website,Not found,Official website fetch,https://www.kineticit.com.au/,website,2026-09-29,Low,Blocked
Kinetic IT,employee_count,1400,Chamber of Commerce NT / Kinetic IT public profile (national headcount),https://chambernt.com.au/Web/Web/Business-Directory/Business-Directory-Detail.aspx?CK=E3AF4C78-C081-4193-99EB-088117103084,employee evidence,2026-09-29,High,OK
Kinetic IT,seek_status,Unable to verify,SEEK keyword search,,SEEK,2026-09-29,Low,Blocked
Kinetic IT,company_description,Kinetic IT is a Darwin City IT/technology organisation. Official public description was not available.,Official website summary,https://www.kineticit.com.au/,website,2026-09-29,Low,OK
Leal Technology,company_website,Not found,Official website fetch,https://leal.com.au/,website,2026-09-29,Low,Error
Leal Technology,linkedin_url,https://www.linkedin.com/company/leal-technology,Public web search snippet,https://www.linkedin.com/company/leal-technology,public search,2026-09-29,Medium,OK
Leal Technology,employee_count,5,Public LinkedIn company snippet,https://www.linkedin.com/company/leal-technology,employee evidence,2026-09-29,Medium,OK
Leal Technology,seek_status,Unable to verify,SEEK keyword search,,SEEK,2026-09-29,Low,Blocked
Leal Technology,company_description,Leal Technology is a Winnellie IT/technology organisation. Official public description was not available.,Official website summary,https://leal.com.au/,website,2026-09-29,Low,OK
Majestix Media,company_website,https://www.majestixmedia.com.au/,Official website fetch,https://www.majestixmedia.com.au/,website,2026-09-29,High,OK
Majestix Media,career_page_url,Not found,Official website,https://www.majestixmedia.com.au/,website,2026-09-29,Medium,OK
Majestix Media,seek_status,Unable to verify,SEEK keyword search,,SEEK,2026-09-29,Low,Blocked
Majestix Media,company_description,Majestix Media is a Darwin IT/technology organisation. Official public description was not available.,Official website summary,https://www.majestixmedia.com.au/,website,2026-09-29,Medium,OK
Moraitis Consulting,company_website,https://www.moraitisconsulting.com.au/,Official website fetch,https://www.moraitisconsulting.com.au/,website,2026-09-29,High,OK
Moraitis Consulting,linkedin_url,https://www.linkedin.com/company/moraitis-consulting-pty-ltd,Official website,https://www.moraitisconsulting.com.au/,website,2026-09-29,High,OK
Moraitis Consulting,career_page_url,https://www.moraitisconsulting.com.au/careers,Official website,https://www.moraitisconsulting.com.au/careers,website,2026-09-29,High,OK
Moraitis Consulting,seek_status,Unable to verify,SEEK keyword search,,SEEK,2026-09-29,Low,Blocked
Moraitis Consulting,company_description,"Award‑winning ICT consulting, recruitment and labour‑hire provider supporting digital transformation, cyber security and project delivery",Official website summary,https://www.moraitisconsulting.com.au/,website,2026-09-29,Medium,OK
MSP Corporation,company_website,https://www.mspcorp.com.au/,Official website fetch,https://www.mspcorp.com.au/,website,2026-09-29,High,OK
MSP Corporation,linkedin_url,https://www.linkedin.com/company/mspcorp-au,Official website,https://www.mspcorp.com.au/,website,2026-09-29,High,OK
MSP Corporation,career_page_url,https://www.mspcorp.com.au/careers/,Official website,https://www.mspcorp.com.au/careers/,website,2026-09-29,High,OK
MSP Corporation,seek_status,Unable to verify,SEEK keyword search,,SEEK,2026-09-29,Low,Blocked
MSP Corporation,company_description,MSP Corporation is your trusted IT company and managed service provider helping businesses across Australia & NZ.,Official website summary,https://www.mspcorp.com.au/,website,2026-09-29,Medium,OK
MYtech Consulting Services,company_website,https://www.mytechcs.com/,Official website fetch,https://www.mytechcs.com/,website,2026-09-29,High,OK
MYtech Consulting Services,linkedin_url,http://www.linkedin.com/company/mytech-consulting-services,Official website,https://www.mytechcs.com/,website,2026-09-29,High,OK
MYtech Consulting Services,career_page_url,https://www.mytechcs.com/Career,Official website,https://www.mytechcs.com/Career,website,2026-09-29,High,OK
MYtech Consulting Services,seek_status,Unable to verify,SEEK keyword search,,SEEK,2026-09-29,Low,Blocked
MYtech Consulting Services,company_description,"Take the first step toward smarter, more effective AI adoption. Our free AI Readiness Self-Assessment helps you understand where your business currently stands and highlights key a",Official website summary,https://www.mytechcs.com/,website,2026-09-29,Medium,OK
National Institute of Technology,company_website,https://www.nitaustralia.edu.au/,Official website fetch,https://www.nitaustralia.edu.au/,website,2026-09-29,High,OK
National Institute of Technology,career_page_url,Not found,Official website,https://www.nitaustralia.edu.au/,website,2026-09-29,Medium,OK
National Institute of Technology,seek_status,Unable to verify,SEEK keyword search,,SEEK,2026-09-29,Low,Blocked
National Institute of Technology,company_description,"National Institute of Technology offers courses in Information Technology, Engineering, Project Management, Business Management & Professional Year Program.",Official website summary,https://www.nitaustralia.edu.au/,website,2026-09-29,Medium,OK
NBN Co,company_website,https://www.nbnco.com.au/,Official website fetch,https://www.nbnco.com.au/,website,2026-09-29,High,OK
NBN Co,linkedin_url,http://www.linkedin.com/company/nbn-co-limited,Official website,https://www.nbnco.com.au/,website,2026-09-29,High,OK
NBN Co,career_page_url,https://www.nbnco.com.au/corporate-information/careers,Official website,https://www.nbnco.com.au/corporate-information/careers,website,2026-09-29,High,OK
NBN Co,seek_status,Unable to verify,SEEK keyword search,,SEEK,2026-09-29,Low,Blocked
NBN Co,company_description,Evolving Australia’s digital backbone to meet the ever-changing needs of people across the country.,Official website summary,https://www.nbnco.com.au/,website,2026-09-29,Medium,OK
NEC,company_website,https://www.nec.com.au/,Official website fetch,https://www.nec.com.au/,website,2026-09-29,High,OK
NEC,linkedin_url,https://www.linkedin.com/company/nec-australia,Official website,https://www.nec.com.au/,website,2026-09-29,High,OK
NEC,career_page_url,https://www.nec.com.au/careers,Official website,https://www.nec.com.au/careers,website,2026-09-29,High,OK
NEC,seek_status,Unable to verify,SEEK keyword search,,SEEK,2026-09-29,Low,Blocked
NEC,company_description,We bring humanity and world-class technology closer to create a more connected future.,Official website summary,https://www.nec.com.au/,website,2026-09-29,Medium,OK
New Future IT,company_website,https://www.newfutureit.com.au/,Official website fetch,https://www.newfutureit.com.au/,website,2026-09-29,High,OK
New Future IT,linkedin_url,https://www.linkedin.com/company/new-future-it,Official website,https://www.newfutureit.com.au/,website,2026-09-29,High,OK
New Future IT,employee_count,30,Public LinkedIn company snippet,https://au.linkedin.com/company/new-future-it,employee evidence,2026-09-29,Medium,OK
New Future IT,career_page_url,Not found,Official website,https://www.newfutureit.com.au/,website,2026-09-29,Medium,OK
New Future IT,seek_status,Unable to verify,SEEK keyword search,,SEEK,2026-09-29,Low,Blocked
New Future IT,company_description,"Experience reliable and efficient IT solutions tailored to your business needs, wherever you are.",Official website summary,https://www.newfutureit.com.au/,website,2026-09-29,Medium,OK
NT IT,company_website,https://www.ntit.net.au/,Official website fetch,https://www.ntit.net.au/,website,2026-09-29,High,OK
NT IT,linkedin_url,https://www.linkedin.com/company/nt-it,Official website,https://www.ntit.net.au/,website,2026-09-29,High,OK
NT IT,employee_count,8,NT IT official About page (Darwin office staff),https://www.ntit.net.au/about-us,employee evidence,2026-09-29,High,OK
NT IT,career_page_url,https://www.ntit.net.au/careers,Official website,https://www.ntit.net.au/careers,website,2026-09-29,High,OK
NT IT,seek_status,Unable to verify,SEEK keyword search,,SEEK,2026-09-29,Low,Blocked
NT IT,company_description,"NT IT provide expert print, document control, IT and communications solutions to businesses across the Northern Territory.",Official website summary,https://www.ntit.net.au/,website,2026-09-29,High,OK
One IT Services,company_website,https://oneitservices.com.au/,Official website fetch,https://oneitservices.com.au/,website,2026-09-29,High,OK
One IT Services,linkedin_url,https://www.linkedin.com/company/oneitservices,Official website,https://oneitservices.com.au/,website,2026-09-29,High,OK
One IT Services,employee_count,23,Public LinkedIn company snippet,https://au.linkedin.com/company/oneitservices,employee evidence,2026-09-29,Medium,OK
One IT Services,career_page_url,https://oneitservices.com.au/careers/,Official website,https://oneitservices.com.au/careers/,website,2026-09-29,High,OK
One IT Services,seek_status,Unable to verify,SEEK keyword search,,SEEK,2026-09-29,Low,Blocked
One IT Services,company_description,"One IT Services delivers managed IT, cyber security, cloud, and NBN solutions across Darwin and the NT. Local experts making business safer and easier.",Official website summary,https://oneitservices.com.au/,website,2026-09-29,High,OK
Pixel Digital IT Solutions,company_website,Not found,Official website fetch,https://pixeldigital.net.au/,website,2026-09-29,Low,Blocked
Pixel Digital IT Solutions,linkedin_url,https://www.linkedin.com/company/pixel-digital-au,Public web search snippet,https://www.linkedin.com/company/pixel-digital-au,public search,2026-09-29,Medium,OK
Pixel Digital IT Solutions,employee_count,1,Public LinkedIn company snippet,https://www.linkedin.com/company/pixel-digital-au,employee evidence,2026-09-29,Medium,OK
Pixel Digital IT Solutions,seek_status,Unable to verify,SEEK keyword search,,SEEK,2026-09-29,Low,Blocked
Pixel Digital IT Solutions,company_description,Pixel Digital IT Solutions is a Darwin IT/technology organisation. Official public description was not available.,Official website summary,https://pixeldigital.net.au/,website,2026-09-29,Low,OK
Portal Technology,company_website,https://portaltechnology.au/,Official website fetch,https://portaltechnology.au/,website,2026-09-29,High,OK
Portal Technology,linkedin_url,https://www.linkedin.com/company/portaltechnology,Public web search snippet,https://www.linkedin.com/company/portaltechnology,public search,2026-09-29,Medium,OK
Portal Technology,employee_count,19,Public LinkedIn company snippet,https://www.linkedin.com/company/portaltechnology,employee evidence,2026-09-29,Medium,OK
Portal Technology,career_page_url,https://portaltechnology.au/careers,Official website,https://portaltechnology.au/careers,website,2026-09-29,High,OK
Portal Technology,seek_status,Unable to verify,SEEK keyword search,,SEEK,2026-09-29,Low,Blocked
Portal Technology,company_description,"Your trusted, Territory Proud MSP in Darwin, NT. We specialize in Managed IT, Cyber Security compliance (Essential 8, ISO 27001, RFFR), and 3CX solutions.",Official website summary,https://portaltechnology.au/,website,2026-09-29,High,OK
Power and Water Corporation,company_website,Not found,Official website fetch,https://www.powerwater.com.au/,website,2026-09-29,Low,Blocked
Power and Water Corporation,seek_status,Unable to verify,SEEK keyword search,,SEEK,2026-09-29,Low,Blocked
Power and Water Corporation,company_description,Power and Water Corporation is a Darwin IT/technology organisation. Official public description was not available.,Official website summary,https://www.powerwater.com.au/,website,2026-09-29,Low,OK
Radical Systems,company_website,https://radicalsystems.com.au/,Official website fetch,https://radicalsystems.com.au/,website,2026-09-29,High,OK
Radical Systems,linkedin_url,https://www.linkedin.com/company/radical-systems,Public web search snippet,https://www.linkedin.com/company/radical-systems,public search,2026-09-29,Medium,OK
Radical Systems,employee_count,40,Public LinkedIn company snippet,https://www.linkedin.com/company/radical-systems,employee evidence,2026-09-29,Medium,OK
Radical Systems,career_page_url,https://radicalsystems.com.au/careers/current-opportunities,Official website,https://radicalsystems.com.au/careers/current-opportunities,website,2026-09-29,High,OK
Radical Systems,seek_status,Unable to verify,SEEK keyword search,,SEEK,2026-09-29,Low,Blocked
Radical Systems,company_description,"At Radical Systems, we specialise in delivering highly effective solutions that are finely tuned to meet the unique needs of your organisation.",Official website summary,https://radicalsystems.com.au/,website,2026-09-29,High,OK
Relational Data Systems,company_website,https://relational.com.au/,Official website fetch,https://relational.com.au/,website,2026-09-29,High,OK
Relational Data Systems,linkedin_url,https://www.linkedin.com/company/relational-data-systems,Official website,https://relational.com.au/,website,2026-09-29,High,OK
Relational Data Systems,career_page_url,https://relational.com.au/our-people/careers/,Official website,https://relational.com.au/our-people/careers/,website,2026-09-29,High,OK
Relational Data Systems,seek_status,Unable to verify,SEEK keyword search,,SEEK,2026-09-29,Low,Blocked
Relational Data Systems,company_description,Relational Data Systems are renowned for delivering government level digital transformation and support for mission critical public sector systems in domains,Official website summary,https://relational.com.au/,website,2026-09-29,Medium,OK
Ricoh Australia,company_website,https://www.ricoh.com.au/,Official website fetch,https://www.ricoh.com.au/,website,2026-09-29,High,OK
Ricoh Australia,linkedin_url,https://www.linkedin.com/company/ricoh-australia,Official website,https://www.ricoh.com.au/,website,2026-09-29,High,OK
Ricoh Australia,career_page_url,https://www.ricoh.com.au/about-ricoh/careers,Official website,https://www.ricoh.com.au/about-ricoh/careers,website,2026-09-29,High,OK
Ricoh Australia,seek_status,Unable to verify,SEEK keyword search,,SEEK,2026-09-29,Low,Blocked
Ricoh Australia,company_description,"Ricoh empowers Australian Digital Business with a comprehensive range of Managed IT Services, Managed Print Services, Managed Network Services and a f",Official website summary,https://www.ricoh.com.au/,website,2026-09-29,Medium,OK
Salesforce,company_website,https://www.salesforce.com/au/?bc=HL,Official website fetch,https://www.salesforce.com/au/?bc=HL,website,2026-09-29,High,OK
Salesforce,career_page_url,https://www.salesforce.com/company/careers/locations/japac/australia/?bc=HL,Official website,https://www.salesforce.com/company/careers/locations/japac/australia/?bc=HL,website,2026-09-29,High,OK
Salesforce,seek_status,Unable to verify,SEEK keyword search,,SEEK,2026-09-29,Low,Blocked
Salesforce,company_description,"Salesforce is the #1 Agentic AI CRM, helping companies become Agentic Enterprises where humans and agents drive success together through a unified AI, data, and Customer 360 platfo",Official website summary,https://www.salesforce.com/au/?bc=HL,website,2026-09-29,Medium,OK
SRA Information Technology,company_website,https://www.sra.com.au/,Official website fetch,https://www.sra.com.au/,website,2026-09-29,High,OK
SRA Information Technology,career_page_url,Not found,Official website,https://www.sra.com.au/,website,2026-09-29,Medium,OK
SRA Information Technology,seek_status,Unable to verify,SEEK keyword search,,SEEK,2026-09-29,Low,Blocked
SRA Information Technology,company_description,"Australian owned and operated for over 30 years, SRA works with Government, Private Enterprises and Startups. Creating innovative tech solutions that empower our clients is our We ",Official website summary,https://www.sra.com.au/,website,2026-09-29,Medium,OK
Techie4NT,company_website,https://techie4nt.com.au/,Official website fetch,https://techie4nt.com.au/,website,2026-09-29,High,OK
Techie4NT,career_page_url,Not found,Official website,https://techie4nt.com.au/,website,2026-09-29,Medium,OK
Techie4NT,seek_status,Unable to verify,SEEK keyword search,,SEEK,2026-09-29,Low,Blocked
Techie4NT,company_description,"Techie4NT provides laptop repairs, WiFi support, virus removal, data recovery, and device setup.",Official website summary,https://techie4nt.com.au/,website,2026-09-29,Medium,OK
TechSend,company_website,https://www.techsend.com.au/,Official website fetch,https://www.techsend.com.au/,website,2026-09-29,High,OK
TechSend,linkedin_url,https://www.linkedin.com/company/6396391,Official website,https://www.techsend.com.au/,website,2026-09-29,High,OK
TechSend,career_page_url,https://www.techsend.com.au/about/careers/,Official website,https://www.techsend.com.au/about/careers/,website,2026-09-29,High,OK
TechSend,seek_status,Unable to verify,SEEK keyword search,,SEEK,2026-09-29,Low,Blocked
TechSend,company_description,"At home or in your business TechSend are here to help you. We provide IT Support, Cyber Security, Consulting and Digital Marketing services.",Official website summary,https://www.techsend.com.au/,website,2026-09-29,Medium,OK
Territory Technology Solutions,company_website,https://www.techsolutions.com.au/,Official website fetch,https://www.techsolutions.com.au/,website,2026-09-29,High,OK
Territory Technology Solutions,linkedin_url,https://www.linkedin.com/company/territory-technology-solutions,Official website,https://www.techsolutions.com.au/,website,2026-09-29,High,OK
Territory Technology Solutions,employee_count,10-20,InfoMSP directory estimate,https://infomsp.com/msp/darwin/,employee evidence,2026-09-29,Medium,OK
Territory Technology Solutions,career_page_url,https://www.techsolutions.com.au/jobs-at-tts/,Official website,https://www.techsolutions.com.au/jobs-at-tts/,website,2026-09-29,High,OK
Territory Technology Solutions,seek_status,Unable to verify,SEEK keyword search,,SEEK,2026-09-29,Low,Blocked
Territory Technology Solutions,company_description,"Enhance collaboration and efficiency with our tailored cloud solutions. Seamless migration, management, and optimisation at your fingertips.",Official website summary,https://www.techsolutions.com.au/,website,2026-09-29,High,OK
TQA Consulting,company_website,https://www.tqaconsulting.com.au/,Official website fetch,https://www.tqaconsulting.com.au/,website,2026-09-29,High,OK
TQA Consulting,linkedin_url,https://www.linkedin.com/company/tqa-consulting,Official website,https://www.tqaconsulting.com.au/,website,2026-09-29,High,OK
TQA Consulting,career_page_url,https://www.tqaconsulting.com.au/career/,Official website,https://www.tqaconsulting.com.au/career/,website,2026-09-29,High,OK
TQA Consulting,seek_status,Unable to verify,SEEK keyword search,,SEEK,2026-09-29,Low,Blocked
TQA Consulting,company_description,"At TQA Consulting, we specialise in delivering expert consulting services for organisations seeking independent, high-quality software assurance across the",Official website summary,https://www.tqaconsulting.com.au/,website,2026-09-29,Medium,OK
True Blue IT Services,company_website,https://trueblueit.com.au/,Official website fetch,https://trueblueit.com.au/,website,2026-09-29,High,OK
True Blue IT Services,employee_count,3,Chamber of Commerce NT member profile,https://chambernt.com.au/Web/Web/Business-Directory/Business-Directory-Detail.aspx?CK=C134E618-D94D-44CA-885A-DDE5E6BBF1C0,employee evidence,2026-09-29,High,OK
True Blue IT Services,career_page_url,https://trueblueit.com.au/work-with-us,Official website,https://trueblueit.com.au/work-with-us,website,2026-09-29,High,OK
True Blue IT Services,seek_status,Unable to verify,SEEK keyword search,,SEEK,2026-09-29,Low,Blocked
True Blue IT Services,company_description,"Darwin's True Blue home of reliable IT Services, Websites that sell, digital marketing that works, apps and software that do great things and automation that runs better businesses",Official website summary,https://trueblueit.com.au/,website,2026-09-29,High,OK
Upstream IT,company_website,https://upstreamit.com.au/,Official website fetch,https://upstreamit.com.au/,website,2026-09-29,High,OK
Upstream IT,career_page_url,https://upstreamit.com.au/careers,Official website,https://upstreamit.com.au/careers,website,2026-09-29,High,OK
Upstream IT,seek_status,Unable to verify,SEEK keyword search,,SEEK,2026-09-29,Low,Blocked
Upstream IT,company_description,Upstream IT is a Darwin IT/technology organisation. Official public description was not available.,Official website summary,https://upstreamit.com.au/,website,2026-09-29,Medium,OK
Vocus,company_website,https://www.vocus.com.au/,Official website fetch,https://www.vocus.com.au/,website,2026-09-29,High,OK
Vocus,linkedin_url,https://www.linkedin.com/company/vocus-communications/posts,Official website,https://www.vocus.com.au/,website,2026-09-29,High,OK
Vocus,career_page_url,https://www.vocus.com.au/about-vocus/careers,Official website,https://www.vocus.com.au/about-vocus/careers,website,2026-09-29,High,OK
Vocus,seek_status,Unable to verify,SEEK keyword search,,SEEK,2026-09-29,Low,Blocked
Vocus,company_description,"Vocus is Australia's specialist provider of fibre, network, and business solutions for businesses, government, and wholesale.",Official website summary,https://www.vocus.com.au/,website,2026-09-29,Medium,OK
We Fix IT,company_website,https://wefixit.com.au/,Official website fetch,https://wefixit.com.au/,website,2026-09-29,High,OK
We Fix IT,career_page_url,https://wefixit.com.au/careers,Official website,https://wefixit.com.au/careers,website,2026-09-29,High,OK
We Fix IT,seek_status,Unable to verify,SEEK keyword search,,SEEK,2026-09-29,Low,Blocked
We Fix IT,company_description,We Fix IT is a Darwin IT/technology organisation. Official public description was not available.,Official website summary,https://wefixit.com.au/,website,2026-09-29,Medium,OK
Xipnos,company_website,https://www.xipnos.com/,Official website fetch,https://www.xipnos.com/,website,2026-09-29,High,OK
Xipnos,career_page_url,Not found,Official website,https://www.xipnos.com/,website,2026-09-29,Medium,OK
Xipnos,seek_status,Unable to verify,SEEK keyword search,,SEEK,2026-09-29,Low,Blocked
Xipnos,company_description,Our strategic partnerships with leading world class solutions providers covers Portfolio & Project Management and Cyber Security. Have a question or would like to know more about o,Official website summary,https://www.xipnos.com/,website,2026-09-29,Medium,OK
Secure Data Centre,company_website,https://dxn.solutions/,Official website fetch,https://dxn.solutions/,website,2026-09-29,High,OK
Secure Data Centre,linkedin_url,https://www.linkedin.com/company/dxn-limited,Official website,https://dxn.solutions/,website,2026-09-29,High,OK
Secure Data Centre,career_page_url,Not found,Official website,https://dxn.solutions/,website,2026-09-29,Medium,OK
Secure Data Centre,seek_status,Unable to verify,SEEK keyword search,https://www.seek.com.au/jobs?keywords=%22Secure+Data+Centre%22+Darwin,SEEK,2026-09-29,Low,Blocked
Secure Data Centre,company_description,DXN Solutions Infrastructure at the Edge MODULAR SECURE SCALABLE About DXN PREFABRICATED MODULAR DATA CENTRE DESIGNS Driven by innovation DXN Limited is an ASX listed (ASX:DXN) com,Official website summary,https://dxn.solutions/,website,2026-09-29,Medium,OK
