company_name,vacancy_title,vacancy_source,vacancy_url,vacancy_location,employment_type,job_category,job_description_summary,date_found,is_current,company_match_confidence
Area9,Senior/Network Engineer – Work from Home anywhere in Australia,Company Career Page,https://www.area9.com.au/current-vacancies,Work from Home,Unknown,Networking,Not found,2026-09-29,YES,High
Area9,Desktop Support Engineers - Darwin & Brisbane,Company Career Page,https://www.area9.com.au/current-vacancies,Darwin & Brisbane,Unknown,IT Support,Not found,2026-09-29,YES,High
Area9,Level 3 Engineers - Darwin & Brisbane,Company Career Page,https://www.area9.com.au/current-vacancies,Darwin & Brisbane,Unknown,Technology,Not found,2026-09-29,YES,High
Hrishi Digital Solutions,UX Business Analyst,Company Career Page,https://www.hrishidigital.com.au/jobs/,Not found,Unknown,Consulting,Not found,2026-09-29,YES,High
Hrishi Digital Solutions,Senior Business Analyst,Company Career Page,https://www.hrishidigital.com.au/jobs/,Not found,Unknown,Consulting,Not found,2026-09-29,YES,High
Hrishi Digital Solutions,ICT Specialist - Mainframe Application Services,Company Career Page,https://www.hrishidigital.com.au/jobs/,Not found,Unknown,Technology,Not found,2026-09-29,YES,High
Hrishi Digital Solutions,Web & Microsoft Technology Specialist,Company Career Page,https://www.hrishidigital.com.au/jobs/,Not found,Unknown,Technology,Not found,2026-09-29,YES,High
Hrishi Digital Solutions,Business Analyst,Company Career Page,https://www.hrishidigital.com.au/jobs/,Not found,Unknown,Consulting,Not found,2026-09-29,YES,High
Hrishi Digital Solutions,Project Manager,Company Career Page,https://www.hrishidigital.com.au/jobs/,Not found,Unknown,Project,Not found,2026-09-29,YES,High
Hrishi Digital Solutions,Mainframe Senior Systems Programmer,Company Career Page,https://www.hrishidigital.com.au/jobs/,Not found,Unknown,Software,Not found,2026-09-29,YES,High
Hrishi Digital Solutions,eLearning Developer,Company Career Page,https://www.hrishidigital.com.au/jobs/,Not found,Unknown,Software,Not found,2026-09-29,YES,High
Jackadder International,Senior Test Analyst,Company Career Page,https://www.jackadder.international/careers/,Not found,Unknown,Technology,Not found,2026-09-29,YES,High
Jackadder International,Quality and Testing Manager,Company Career Page,https://www.jackadder.international/careers/,Not found,Unknown,Technology,Not found,2026-09-29,YES,High
Jackadder International,monday.com Solutions Consultant,Company Career Page,https://www.jackadder.international/careers/,Not found,Unknown,Consulting,Not found,2026-09-29,YES,High
Jackadder International,ICT Project Manager,Company Career Page,https://www.jackadder.international/careers/,Not found,Unknown,Project,Not found,2026-09-29,YES,High
Jackadder International,Business Analyst,Company Career Page,https://www.jackadder.international/careers/,Not found,Unknown,Consulting,Not found,2026-09-29,YES,High
MSP Corporation,Network Consultant / Engineer,Company Career Page,https://www.mspcorp.com.au/careers/,Not found,Unknown,Networking,Not found,2026-09-29,YES,High
MSP Corporation,Technical Services Consultant,Company Career Page,https://www.mspcorp.com.au/careers/,Not found,Unknown,Consulting,Not found,2026-09-29,YES,High
MYtech Consulting Services,.NET Senior Developer/Team Lead,Company Career Page,https://www.mytechcs.com/Career/GetJobDescription?jobId=7&title=.NET%20Senior%20Developer%2FTeam%20Lead,Not found,Unknown,Software,Not found,2026-09-29,YES,High
MYtech Consulting Services,IT Recruiter,Company Career Page,https://www.mytechcs.com/Career/GetJobDescription?jobId=13&title=IT%20Recruiter,Not found,Unknown,Technology,Not found,2026-09-29,YES,High
NBN Co,Graduate Program,Company Career Page,https://www.nbnco.com.au/corporate-information/careers/graduate-program,Not found,Unknown,Technology,Not found,2026-09-29,YES,High
Relational Data Systems,Graduate Program,Company Career Page,https://relational.com.au/our-people/graduate-program/,Not found,Unknown,Technology,Not found,2026-09-29,YES,High
Relational Data Systems,Cyber Security Graduate Program,Company Career Page,https://relational.com.au/our-people/graduate-program/lssa-cyber-security-graduate-program/,Not found,Unknown,Cybersecurity,Not found,2026-09-29,YES,High
Relational Data Systems,Cloud Engineering Graduates,Company Career Page,https://relational.com.au/our-people/graduate-program/lssa-cloud-engineering-graduates/,Not found,Unknown,Cloud,Not found,2026-09-29,YES,High
Relational Data Systems,Software Engineering Graduates,Company Career Page,https://relational.com.au/our-people/graduate-program/software-engineering-graduates/,Not found,Unknown,Software,Not found,2026-09-29,YES,High
TechSend,Become a field technician,Company Career Page,https://www.techsend.com.au/about/careers/,Not found,Unknown,IT Support,Not found,2026-09-29,YES,High
