company_id,company_name,abn,first_name,last_name,full_name,job_title,department,location,linkedin_url,work_email,email_type,email_verified,email_status,source_url,source_type,verification_status,priority_role
99643633943,Being Well,99643633943,Jesica,Perry,Jesica Perry,Regional Manager Melbourne,Service delivery,Darwin,Not publicly available,Not publicly available,unavailable,False,unavailable,https://www.beingmentors.com.au/about-us/,official website staff page,medium,no
99643633943,Being Well,99643633943,Tre,Manning-Watson,Tre Manning-Watson,Regional Manager – Northern Territory & South Australia,Service delivery,Darwin,Not publicly available,Not publicly available,unavailable,False,unavailable,https://www.beingmentors.com.au/about-us/,official website staff page,medium,no
99643633943,Being Well,99643633943,Jarryd,Klessens,Jarryd Klessens,Regional Manager – South East Queensland,Service delivery,Darwin,Not publicly available,Not publicly available,unavailable,False,unavailable,https://www.beingmentors.com.au/about-us/,official website staff page,medium,no
99643633943,Being Well,99643633943,Jack,Hatcher,Jack Hatcher,Regional Manager – Cairns,Service delivery,Darwin,Not publicly available,Not publicly available,unavailable,False,unavailable,https://www.beingmentors.com.au/about-us/,official website staff page,medium,no
99643633943,Being Well,99643633943,Peter,Rolfe,Peter Rolfe,Regional Manager – South Australia,Service delivery,Darwin,Not publicly available,Not publicly available,unavailable,False,unavailable,https://www.beingmentors.com.au/about-us/,official website staff page,medium,no
47665282100,BLUEGUM ABILITY SERVICES PTY LTD,47665282100,Rose,Daniel,Rose Daniel,Director,Leadership,"Darwin, Tennant Creek",https://www.linkedin.com/in/rose-daniel-a9b556211,Not publicly available,unavailable,False,unavailable,https://www.bluegumability.com/about,official website LinkedIn link,high,yes
47665282100,BLUEGUM ABILITY SERVICES PTY LTD,47665282100,Casey,Soper,Casey Soper,Operations Manager,Operations,"Darwin, Tennant Creek",https://www.linkedin.com/in/casey-soper-b55b16431,Not publicly available,unavailable,False,unavailable,https://www.bluegumability.com/about,official website LinkedIn link,high,yes
66656174604,BIG SKY PSYCHOLOGY PTY LTD,66656174604,Zoe,Collins,Zoe Collins,Director and Clinical Psychologist,Leadership,Katherine,Not publicly available,Not publicly available,unavailable,False,unavailable,https://bigskypsychology.com.au/meet-the-team/,official website staff page,medium,yes
66656174604,BIG SKY PSYCHOLOGY PTY LTD,66656174604,Alicia,Piper,Alicia Piper,Clinical Psychologist,Clinical,Katherine,Not publicly available,Not publicly available,unavailable,False,unavailable,https://bigskypsychology.com.au/meet-the-team/,official website staff page,medium,no
66656174604,BIG SKY PSYCHOLOGY PTY LTD,66656174604,Jariah,Kaissis,Jariah Kaissis,Psychologist,Service delivery,Katherine,Not publicly available,Not publicly available,unavailable,False,unavailable,https://bigskypsychology.com.au/meet-the-team/,official website staff page,medium,no
66656174604,BIG SKY PSYCHOLOGY PTY LTD,66656174604,Derek,Payne,Derek Payne,Psychologist,Service delivery,Katherine,Not publicly available,Not publicly available,unavailable,False,unavailable,https://bigskypsychology.com.au/meet-the-team/,official website staff page,medium,no
66656174604,BIG SKY PSYCHOLOGY PTY LTD,66656174604,Marissa,McGrath,Marissa McGrath,Psychologist,Service delivery,Katherine,Not publicly available,Not publicly available,unavailable,False,unavailable,https://bigskypsychology.com.au/meet-the-team/,official website staff page,medium,no
66656174604,BIG SKY PSYCHOLOGY PTY LTD,66656174604,Heather,Parbs,Heather Parbs,Clinical Psychologist,Clinical,Katherine,Not publicly available,Not publicly available,unavailable,False,unavailable,https://bigskypsychology.com.au/meet-the-team/,official website staff page,medium,no
66656174604,BIG SKY PSYCHOLOGY PTY LTD,66656174604,Kyla,Ross,Kyla Ross,Psychologist (Clinical Registrar),Clinical,Katherine,Not publicly available,Not publicly available,unavailable,False,unavailable,https://bigskypsychology.com.au/meet-the-team/,official website staff page,medium,no
66656174604,BIG SKY PSYCHOLOGY PTY LTD,66656174604,Christine,Kipps,Christine Kipps,Clinical Psychologist,Clinical,Katherine,Not publicly available,Not publicly available,unavailable,False,unavailable,https://bigskypsychology.com.au/meet-the-team/,official website staff page,medium,no
66656174604,BIG SKY PSYCHOLOGY PTY LTD,66656174604,Allira,Boadle,Allira Boadle,Clinical Psychologist,Clinical,Katherine,Not publicly available,Not publicly available,unavailable,False,unavailable,https://bigskypsychology.com.au/meet-the-team/,official website staff page,medium,no
66656174604,BIG SKY PSYCHOLOGY PTY LTD,66656174604,Amalia,Badawi,Amalia Badawi,Clinical Psychologist,Clinical,Katherine,Not publicly available,Not publicly available,unavailable,False,unavailable,https://bigskypsychology.com.au/meet-the-team/,official website staff page,medium,no
66656174604,BIG SKY PSYCHOLOGY PTY LTD,66656174604,Jennifer,Green,Jennifer Green,Clinical Psychologist,Clinical,Katherine,Not publicly available,Not publicly available,unavailable,False,unavailable,https://bigskypsychology.com.au/meet-the-team/,official website staff page,medium,no
66656174604,BIG SKY PSYCHOLOGY PTY LTD,66656174604,Tammy,Hatherill,Tammy Hatherill,Psychologist,Service delivery,Katherine,Not publicly available,Not publicly available,unavailable,False,unavailable,https://bigskypsychology.com.au/meet-the-team/,official website staff page,medium,no
66656174604,BIG SKY PSYCHOLOGY PTY LTD,66656174604,Wendy,Russ,Wendy Russ,Psychologist,Service delivery,Katherine,Not publicly available,Not publicly available,unavailable,False,unavailable,https://bigskypsychology.com.au/meet-the-team/,official website staff page,medium,no
66656174604,BIG SKY PSYCHOLOGY PTY LTD,66656174604,Siobhan,Evans,Siobhan Evans,Clinical Psychologist,Clinical,Katherine,Not publicly available,Not publicly available,unavailable,False,unavailable,https://bigskypsychology.com.au/meet-the-team/,official website staff page,medium,no
66656174604,BIG SKY PSYCHOLOGY PTY LTD,66656174604,Tammy,Melukerdee-tribe,Tammy Melukerdee-tribe,Psychologist,Service delivery,Katherine,Not publicly available,Not publicly available,unavailable,False,unavailable,https://bigskypsychology.com.au/meet-the-team/,official website staff page,medium,no
50664384703,BUSH STEPS PTY LTD,50664384703,Joel,Williams,Joel Williams,"Director, Prosthetist and Orthotist",Leadership,Other NT,Not publicly available,Not publicly available,unavailable,False,unavailable,https://www.bushsteps.com.au/about,official website staff page,medium,yes
62649348354,COUNTRY CONNECT PTY LTD,62649348354,Louise,Lethbridge,Louise Lethbridge,Executive Director,Leadership,Nhulunbuy,Not publicly available,Not publicly available,unavailable,False,unavailable,https://www.countryconnect.org.au/our-team,official website staff page,medium,yes
62649348354,COUNTRY CONNECT PTY LTD,62649348354,Wapit,Mununggurr,Wapit Mununggurr,Executive Director,Leadership,Nhulunbuy,Not publicly available,Not publicly available,unavailable,False,unavailable,https://www.countryconnect.org.au/our-team,official website staff page,medium,yes
62649348354,COUNTRY CONNECT PTY LTD,62649348354,Troy,Barrett,Troy Barrett,Chief Executive Officer,Service delivery,Nhulunbuy,Not publicly available,Not publicly available,unavailable,False,unavailable,https://www.countryconnect.org.au/our-team,official website staff page,medium,no
62649348354,COUNTRY CONNECT PTY LTD,62649348354,Brianna,Barrett,Brianna Barrett,Project Coordinator,Service delivery,Nhulunbuy,Not publicly available,Not publicly available,unavailable,False,unavailable,https://www.countryconnect.org.au/our-team,official website staff page,medium,no
85677908253,DESERT DIETITIANS PTY LTD,85677908253,Katelyn,Paterson,Katelyn Paterson,Director/ Senior,Leadership,Alice Springs,Not publicly available,Not publicly available,unavailable,False,unavailable,https://www.desertdietitians.com.au/,official website staff page,medium,yes
56616435575,Early Start Australia,56616435575,Justin,Scanlan,Justin Scanlan,CEO – APM Therapy Portfolio,Leadership,"Darwin, Palmerston",Not publicly available,Not publicly available,unavailable,False,unavailable,https://www.earlystartaustralia.com.au/about-us/board-and-leadership-team/,official website staff page,medium,yes
56616435575,Early Start Australia,56616435575,Matthew,Flood,Matthew Flood,Chief Group Counsel – APM,Service delivery,"Darwin, Palmerston",Not publicly available,Not publicly available,unavailable,False,unavailable,https://www.earlystartaustralia.com.au/about-us/board-and-leadership-team/,official website staff page,medium,no
76630450636,Eunoia Lane,76630450636,Kaitlin,Cleghorn,Kaitlin Cleghorn,Clinical Team Leader / Occupational Therapist,Clinical,"Darwin, Alice Springs",Not publicly available,Not publicly available,unavailable,False,unavailable,https://eunoialane.com.au/our-people/,official website staff page,medium,yes
76630450636,Eunoia Lane,76630450636,Charlotte,Smith,Charlotte Smith,Team Leader / Support Coordinator,Support Coordination,"Darwin, Alice Springs",Not publicly available,Not publicly available,unavailable,False,unavailable,https://eunoialane.com.au/our-people/,official website staff page,medium,yes
76630450636,Eunoia Lane,76630450636,Kelly,Marrington,Kelly Marrington,Clinical Team Leader / Specialist Support Coordinator,Support Coordination,"Darwin, Alice Springs",Not publicly available,Not publicly available,unavailable,False,unavailable,https://eunoialane.com.au/our-people/,official website staff page,medium,yes
76630450636,Eunoia Lane,76630450636,Deanne,Kamid,Deanne Kamid,"Executive Manager, People & Culture",People,"Darwin, Alice Springs",Not publicly available,Not publicly available,unavailable,False,unavailable,https://eunoialane.com.au/our-people/,official website staff page,medium,yes
76630450636,Eunoia Lane,76630450636,Jane,Rudwick,Jane Rudwick,Team Leader / Support Coordinator,Support Coordination,"Darwin, Alice Springs",Not publicly available,Not publicly available,unavailable,False,unavailable,https://eunoialane.com.au/our-people/,official website staff page,medium,yes
76630450636,Eunoia Lane,76630450636,Cathryn,McAdie,Cathryn McAdie,Business Capability and Quality Assurance Executive,Service delivery,"Darwin, Alice Springs",Not publicly available,Not publicly available,unavailable,False,unavailable,https://eunoialane.com.au/our-people/,official website staff page,medium,no
76630450636,Eunoia Lane,76630450636,Marie,Lyons,Marie Lyons,Chief Operations Officer,Operations,"Darwin, Alice Springs",Not publicly available,Not publicly available,unavailable,False,unavailable,https://eunoialane.com.au/our-people/,official website staff page,medium,no
76630450636,Eunoia Lane,76630450636,Kate,Hamilton,Kate Hamilton,Director,Leadership,"Darwin, Alice Springs",Not publicly available,Not publicly available,unavailable,False,unavailable,https://eunoialane.com.au/our-people/,official website staff page,medium,yes
76656481202,Fly2 Health Group,76656481202,Kennedy,Lay,Kennedy Lay,Founder & Chief Executive Officer,Leadership,"Darwin, Palmerston, Alice Springs, Tennant Creek",Not publicly available,Not publicly available,unavailable,False,unavailable,https://www.fly2health.com.au/about-us-3/our-team/,official website staff page,medium,yes
76656481202,Fly2 Health Group,76656481202,Tim,Gibson,Tim Gibson,Chief Operating Officer,Service delivery,"Darwin, Palmerston, Alice Springs, Tennant Creek",Not publicly available,Not publicly available,unavailable,False,unavailable,https://www.fly2health.com.au/about-us-3/our-team/,official website staff page,medium,no
76656481202,Fly2 Health Group,76656481202,Anna,Keno,Anna Keno,Chief Clinical Officer,Clinical,"Darwin, Palmerston, Alice Springs, Tennant Creek",Not publicly available,Not publicly available,unavailable,False,unavailable,https://www.fly2health.com.au/about-us-3/our-team/,official website staff page,medium,no
76656481202,Fly2 Health Group,76656481202,Andy,Dunn,Andy Dunn,Head of New South Wales,Service delivery,"Darwin, Palmerston, Alice Springs, Tennant Creek",Not publicly available,Not publicly available,unavailable,False,unavailable,https://www.fly2health.com.au/about-us-3/our-team/,official website staff page,medium,no
76656481202,Fly2 Health Group,76656481202,Rhianna,Clarke,Rhianna Clarke,Head of Queensland,Service delivery,"Darwin, Palmerston, Alice Springs, Tennant Creek",Not publicly available,Not publicly available,unavailable,False,unavailable,https://www.fly2health.com.au/about-us-3/our-team/,official website staff page,medium,no
76656481202,Fly2 Health Group,76656481202,Carly,Rowley,Carly Rowley,Head of Victoria & Tasmania,Service delivery,"Darwin, Palmerston, Alice Springs, Tennant Creek",Not publicly available,Not publicly available,unavailable,False,unavailable,https://www.fly2health.com.au/about-us-3/our-team/,official website staff page,medium,no
76656481202,Fly2 Health Group,76656481202,Phoebe,Murphy,Phoebe Murphy,Head of NT & Occupational Therapist,Clinical,"Darwin, Palmerston, Alice Springs, Tennant Creek",Not publicly available,Not publicly available,unavailable,False,unavailable,https://www.fly2health.com.au/about-us-3/our-team/,official website staff page,medium,no
74664633907,INNER BALANCE HEALTH PTY LTD,74664633907,Rhiarna,Myatt,Rhiarna Myatt,"Senior Physiotherapist & Founder (Neurorehabilitation, Geriatrics & Clinical Pilates)",Leadership,Darwin,Not publicly available,Not publicly available,unavailable,False,unavailable,https://www.innerbalancehealth.com.au/about,official website staff page,medium,yes
50683650553,KONNECTUS SUPPORT COORDINATION,50683650553,Jacquelyn,Chong,Jacquelyn Chong,Operations Manager,Operations,"Alice Springs, Tennant Creek",Not publicly available,Not publicly available,unavailable,False,unavailable,https://konnectus.org.au/team/,official website staff page,medium,yes
50683650553,KONNECTUS SUPPORT COORDINATION,50683650553,Carole,Liu,Carole Liu,Support Coordinator,Support Coordination,"Alice Springs, Tennant Creek",Not publicly available,Not publicly available,unavailable,False,unavailable,https://konnectus.org.au/team/,official website staff page,medium,yes
50683650553,KONNECTUS SUPPORT COORDINATION,50683650553,Isaiah,Ajak,Isaiah Ajak,Support Coordinator and Psychosocial Recovery Coach,Support Coordination,"Alice Springs, Tennant Creek",Not publicly available,Not publicly available,unavailable,False,unavailable,https://konnectus.org.au/team/,official website staff page,medium,yes
50683650553,KONNECTUS SUPPORT COORDINATION,50683650553,Tabitha,Callander,Tabitha Callander,Support Coordinator and Psychosocial Recovery Coach,Support Coordination,"Alice Springs, Tennant Creek",Not publicly available,Not publicly available,unavailable,False,unavailable,https://konnectus.org.au/team/,official website staff page,medium,yes
50683650553,KONNECTUS SUPPORT COORDINATION,50683650553,Emilie,Parsons,Emilie Parsons,Support Coordinator and Psychosocial Recovery Coach,Support Coordination,"Alice Springs, Tennant Creek",Not publicly available,Not publicly available,unavailable,False,unavailable,https://konnectus.org.au/team/,official website staff page,medium,yes
50683650553,KONNECTUS SUPPORT COORDINATION,50683650553,Hayley,McCagh,Hayley McCagh,Support Coordinator & Psychosocial Recovery Coach,Support Coordination,"Alice Springs, Tennant Creek",Not publicly available,Not publicly available,unavailable,False,unavailable,https://konnectus.org.au/team/,official website staff page,medium,yes
50683650553,KONNECTUS SUPPORT COORDINATION,50683650553,Lung,Ceu Sarum,Lung Ceu Sarum,Support Coordinator,Support Coordination,"Alice Springs, Tennant Creek",Not publicly available,Not publicly available,unavailable,False,unavailable,https://konnectus.org.au/team/,official website staff page,medium,yes
50683650553,KONNECTUS SUPPORT COORDINATION,50683650553,Ehler,Beter,Ehler Beter,Support Coordinator,Support Coordination,"Alice Springs, Tennant Creek",Not publicly available,Not publicly available,unavailable,False,unavailable,https://konnectus.org.au/team/,official website staff page,medium,yes
50683650553,KONNECTUS SUPPORT COORDINATION,50683650553,Mery,Lin Zathang,Mery Lin Zathang,Support Coordinator,Support Coordination,"Alice Springs, Tennant Creek",Not publicly available,Not publicly available,unavailable,False,unavailable,https://konnectus.org.au/team/,official website staff page,medium,yes
50683650553,KONNECTUS SUPPORT COORDINATION,50683650553,Akoi,Chol,Akoi Chol,Support Coordinator,Support Coordination,"Alice Springs, Tennant Creek",Not publicly available,Not publicly available,unavailable,False,unavailable,https://konnectus.org.au/team/,official website staff page,medium,yes
44627356325,Linkup Australia Pty Ltd,44627356325,Kana,Faatauvaa,Kana Faatauvaa,Service Delivery Coordinator,Operations,"Darwin, Alice Springs",Not publicly available,Not publicly available,unavailable,False,unavailable,https://www.linkup.net.au/our-team,official website staff page,medium,yes
25606235036,Living Right,25606235036,Chris,Vouthivong,Chris Vouthivong,Assistant Plan Manager,Service delivery,Darwin,Not publicly available,Not publicly available,unavailable,False,unavailable,https://www.livingright.com.au/about-us/,official website staff page,medium,no
25606235036,Living Right,25606235036,Alzaira,Eyog,Alzaira Eyog,Assistant Plan Manager,Service delivery,Darwin,Not publicly available,Not publicly available,unavailable,False,unavailable,https://www.livingright.com.au/about-us/,official website staff page,medium,no
25606235036,Living Right,25606235036,Sandhya,Khanal,Sandhya Khanal,Senior Accounts Officer,Service delivery,Darwin,Not publicly available,Not publicly available,unavailable,False,unavailable,https://www.livingright.com.au/about-us/,official website staff page,medium,no
25606235036,Living Right,25606235036,Faizee,Ali,Faizee Ali,Senior Accounts Officer,Service delivery,Darwin,Not publicly available,Not publicly available,unavailable,False,unavailable,https://www.livingright.com.au/about-us/,official website staff page,medium,no
25606235036,Living Right,25606235036,Norie-An,Peria,Norie-An Peria,Senior Accounts Officer,Service delivery,Darwin,Not publicly available,Not publicly available,unavailable,False,unavailable,https://www.livingright.com.au/about-us/,official website staff page,medium,no
76657449600,Mercy Exerters,76657449600,Isabella,Rodriguez,Isabella Rodriguez,Not publicly available,Service delivery,Alice Springs,Not publicly available,Not publicly available,unavailable,False,unavailable,https://www.mercyexerters.com/,official website structured Person,medium,no
20666046251,LIFE HAVEN CARE GROUP PTY LTD,20666046251,Kacper,Mateusz,Kacper Mateusz,Support Coordinator,Support Coordination,Alice Springs,Not publicly available,Not publicly available,unavailable,False,unavailable,https://lifehavencaregroup.com.au/about/,official website staff page,medium,yes
20666046251,LIFE HAVEN CARE GROUP PTY LTD,20666046251,Pavlo,Bohdan,Pavlo Bohdan,Speech Therapist,Clinical,Alice Springs,Not publicly available,Not publicly available,unavailable,False,unavailable,https://lifehavencaregroup.com.au/about/,official website staff page,medium,no
63111471848,Movement for Life Physiotherapy Pty Ltd,63111471848,Nick,Jones,Nick Jones,Director,Leadership,"Darwin, Palmerston",Not publicly available,Not publicly available,unavailable,False,unavailable,https://www.movementforlifephysio.com.au/about,official website staff page,medium,yes
63111471848,Movement for Life Physiotherapy Pty Ltd,63111471848,Sally,Jones,Sally Jones,Director,Leadership,"Darwin, Palmerston",Not publicly available,Not publicly available,unavailable,False,unavailable,https://www.movementforlifephysio.com.au/about,official website staff page,medium,yes
53676529052,MULTICARE NURSING SERVICES PTY LTD,53676529052,Aisha,Khan,Aisha Khan,Community Engagement Officer,Business Development,Alice Springs,Not publicly available,Not publicly available,unavailable,False,unavailable,https://multicarenursing.com.au/about-us/,official website staff page,medium,yes
68645871861,MY LIFE MY CHOICE NT,68645871861,Mubasher,Rehman,Mubasher Rehman,Not publicly available,Service delivery,Other NT,Not publicly available,Not publicly available,unavailable,False,unavailable,https://mylifemychoice.com.au/,official website structured Person,medium,no
56615970646,Medimart,56615970646,Tony,Dapollonio,Tony Dapollonio,Service Manager,Service delivery,Darwin,Not publicly available,Not publicly available,unavailable,False,unavailable,https://medimart.com.au/about-us/,official website staff page,medium,yes
62149233634,MyIntegra Plan Management and Support Coordination,62149233634,Natalie,Woodbridge,Natalie Woodbridge,Not publicly available,Service delivery,"Darwin, Palmerston, Alice Springs",Not publicly available,Not publicly available,unavailable,False,unavailable,https://myintegra.com.au/about-us/,official website structured Person,medium,no
30623115453,PATCHES Therapy Services,30623115453,Dr.,James Fitzpatrick,Dr. James Fitzpatrick,CEO & Paediatrician,Leadership,Darwin,Not publicly available,Not publicly available,unavailable,False,unavailable,https://patches.com.au/meet-the-team/,official website staff page,medium,yes
14644475114,POSITIVE PRACTICES NT,14644475114,Alana,Michell,Alana Michell,Behaviour Support Practitioner | Director,Leadership,Darwin,Not publicly available,alana.michell@positivepractices.com.au,public,True,verified_public,https://positivepractices.com.au/,official website staff page,medium,yes
14644475114,POSITIVE PRACTICES NT,14644475114,Amber,Flynn,Amber Flynn,Behaviour Support Practitioner| Director,Leadership,Darwin,Not publicly available,amber.flynn@positivepractices.com.au,public,True,verified_public,https://positivepractices.com.au/,official website staff page,medium,yes
49138916622,QSSS,49138916622,Anika,Milazzo,Anika Milazzo,DIRECTOR,Leadership,Other NT,Not publicly available,Not publicly available,unavailable,False,unavailable,https://www.qsss.com.au/our-team/,official website staff page,medium,yes
49138916622,QSSS,49138916622,Linda,Taylor,Linda Taylor,CEO / MANAGING DIRECTOR,Leadership,Other NT,Not publicly available,Not publicly available,unavailable,False,unavailable,https://www.qsss.com.au/our-team/,official website staff page,medium,yes
49138916622,QSSS,49138916622,Greg,Facoory,Greg Facoory,CHIEF OPERATIONS OFFICER,Operations,Other NT,Not publicly available,Not publicly available,unavailable,False,unavailable,https://www.qsss.com.au/our-team/,official website staff page,medium,no
49138916622,QSSS,49138916622,Neil,Bell,Neil Bell,DIRECTOR,Leadership,Other NT,Not publicly available,Not publicly available,unavailable,False,unavailable,https://www.qsss.com.au/our-team/,official website staff page,medium,yes
49138916622,QSSS,49138916622,Anne,Welch,Anne Welch,Finance & payroll manager,Service delivery,Other NT,Not publicly available,Not publicly available,unavailable,False,unavailable,https://www.qsss.com.au/our-team/,official website staff page,medium,no
37638386080,Rotana Health & Wellbeing Pty Ltd,37638386080,Sajad,Motref,Sajad Motref,Not publicly available,Service delivery,"Katherine, Tennant Creek",Not publicly available,Not publicly available,unavailable,False,unavailable,https://rotanahw.com/,official website structured Person,medium,no
75125223645,REGIS AGED CARE PTY LTD,75125223645,Jenn,Armor,Jenn Armor,Chief Operating Officer,Service delivery,Darwin,Not publicly available,Not publicly available,unavailable,False,unavailable,https://www.regis.com.au/leadership/,official website staff page,medium,no
75125223645,REGIS AGED CARE PTY LTD,75125223645,Dr,Imtiaz Bhayat,Dr Imtiaz Bhayat,Chief Information Officer,Service delivery,Darwin,Not publicly available,Not publicly available,unavailable,False,unavailable,https://www.regis.com.au/leadership/,official website staff page,medium,no
75125223645,REGIS AGED CARE PTY LTD,75125223645,Filomena,Ciavarella,Filomena Ciavarella,"Executive General Manager, Quality and Care Excellence",Operations,Darwin,Not publicly available,Not publicly available,unavailable,False,unavailable,https://www.regis.com.au/leadership/,official website staff page,medium,yes
75125223645,REGIS AGED CARE PTY LTD,75125223645,Jodie,Haydon,Jodie Haydon,Chief People Officer,People,Darwin,Not publicly available,Not publicly available,unavailable,False,unavailable,https://www.regis.com.au/leadership/,official website staff page,medium,no
75125223645,REGIS AGED CARE PTY LTD,75125223645,Stuart,Hooper,Stuart Hooper,Chief Financial Officer,Service delivery,Darwin,Not publicly available,Not publicly available,unavailable,False,unavailable,https://www.regis.com.au/leadership/,official website staff page,medium,no
75125223645,REGIS AGED CARE PTY LTD,75125223645,Malcolm,Ross,Malcolm Ross,General Counsel and Company Secretary,Service delivery,Darwin,Not publicly available,Not publicly available,unavailable,False,unavailable,https://www.regis.com.au/leadership/,official website staff page,medium,no
75125223645,REGIS AGED CARE PTY LTD,75125223645,Georgia,Willis,Georgia Willis,Executive General Manager – Property,Operations,Darwin,Not publicly available,Not publicly available,unavailable,False,unavailable,https://www.regis.com.au/leadership/,official website staff page,medium,yes
76641389399,SAMAF ACCOUNTANTS & CONSULTANTS,76641389399,Ali,Dhirani,Ali Dhirani,DIRECTOR,Leadership,Darwin,Not publicly available,Not publicly available,unavailable,False,unavailable,https://samaf.com.au/about-us/,official website staff page,medium,yes
76641389399,SAMAF ACCOUNTANTS & CONSULTANTS,76641389399,Manfred,Mletsin,Manfred Mletsin,CHIEF OPERATING OFFICER,Service delivery,Darwin,Not publicly available,Not publicly available,unavailable,False,unavailable,https://samaf.com.au/about-us/,official website staff page,medium,no
76641389399,SAMAF ACCOUNTANTS & CONSULTANTS,76641389399,DAVID,MAKOWA,DAVID MAKOWA,CONSULTANT - TAXATION,Service delivery,Darwin,Not publicly available,Not publicly available,unavailable,False,unavailable,https://samaf.com.au/about-us/,official website staff page,medium,no
76641389399,SAMAF ACCOUNTANTS & CONSULTANTS,76641389399,TAKUNDA,CHIDUKU,TAKUNDA CHIDUKU,CONSULTANT - AUDITOR,Service delivery,Darwin,Not publicly available,Not publicly available,unavailable,False,unavailable,https://samaf.com.au/about-us/,official website staff page,medium,no
76641389399,SAMAF ACCOUNTANTS & CONSULTANTS,76641389399,BERNARD,TAN,BERNARD TAN,CONSULTANT,Service delivery,Darwin,Not publicly available,Not publicly available,unavailable,False,unavailable,https://samaf.com.au/about-us/,official website staff page,medium,no
19166170930,Shaping Futures NT Pty Ltd,19166170930,Jenny,Dignan,Jenny Dignan,Director,Leadership,Darwin,Not publicly available,Not publicly available,unavailable,False,unavailable,https://shapingfutures.com.au/our-team/,official website staff page,medium,yes
19166170930,Shaping Futures NT Pty Ltd,19166170930,Alana,Michell,Alana Michell,Director,Leadership,Darwin,Not publicly available,Not publicly available,unavailable,False,unavailable,https://shapingfutures.com.au/our-team/,official website staff page,medium,yes
80606740345,Territory Therapy Solutions,80606740345,Aaron,Muttukumaru,Aaron Muttukumaru,Business Manager,Service delivery,Other NT,Not publicly available,Not publicly available,unavailable,False,unavailable,https://www.territorytherapysolutions.com.au/,official website staff page,medium,no
80606740345,Territory Therapy Solutions,80606740345,Karen,Dempsey,Karen Dempsey,Occupational Therapist – Team Leader,Clinical,Other NT,Not publicly available,Not publicly available,unavailable,False,unavailable,https://www.territorytherapysolutions.com.au/,official website staff page,medium,yes
80606740345,Territory Therapy Solutions,80606740345,Vivion,Allen,Vivion Allen,Occupational Therapist,Clinical,Other NT,Not publicly available,Not publicly available,unavailable,False,unavailable,https://www.territorytherapysolutions.com.au/,official website staff page,medium,no
80606740345,Territory Therapy Solutions,80606740345,Lilli,Rasheed,Lilli Rasheed,Senior Occupational Therapist,Clinical,Other NT,Not publicly available,Not publicly available,unavailable,False,unavailable,https://www.territorytherapysolutions.com.au/,official website staff page,medium,no
80606740345,Territory Therapy Solutions,80606740345,Chloe,Hodgkinson,Chloe Hodgkinson,Occupational Therapist,Clinical,Other NT,Not publicly available,Not publicly available,unavailable,False,unavailable,https://www.territorytherapysolutions.com.au/,official website staff page,medium,no
80606740345,Territory Therapy Solutions,80606740345,Jacqui,Culgan,Jacqui Culgan,Occupational Therapist,Clinical,Other NT,Not publicly available,Not publicly available,unavailable,False,unavailable,https://www.territorytherapysolutions.com.au/,official website staff page,medium,no
80606740345,Territory Therapy Solutions,80606740345,Sarah,O'Connor,Sarah O'Connor,Speech Pathologist – Team Leader,Service delivery,Other NT,Not publicly available,Not publicly available,unavailable,False,unavailable,https://www.territorytherapysolutions.com.au/,official website staff page,medium,yes
80606740345,Territory Therapy Solutions,80606740345,Alicia,Brown,Alicia Brown,Executive Assistant,Service delivery,Other NT,Not publicly available,Not publicly available,unavailable,False,unavailable,https://www.territorytherapysolutions.com.au/,official website staff page,medium,no
80606740345,Territory Therapy Solutions,80606740345,Speech,Pathologist,Speech Pathologist,Team Leader,Service delivery,Other NT,Not publicly available,Not publicly available,unavailable,False,unavailable,https://www.territorytherapysolutions.com.au/,official website staff page,medium,yes
80606740345,Territory Therapy Solutions,80606740345,Shayde,Love-Linay,Shayde Love-Linay,Senior Physiotherapist – Team Leader,Clinical,Other NT,Not publicly available,Not publicly available,unavailable,False,unavailable,https://www.territorytherapysolutions.com.au/about-us/,official website staff page,medium,yes
80606740345,Territory Therapy Solutions,80606740345,Senior,Physiotherapist,Senior Physiotherapist,Team Leader,Service delivery,Other NT,Not publicly available,Not publicly available,unavailable,False,unavailable,https://www.territorytherapysolutions.com.au/about-us/,official website staff page,medium,yes
98673557849,THE GOOD FIGHT COMMUNITY SERVICES PTY LTD,98673557849,James,Austin,James Austin,Founder & Managing Director,Leadership,Palmerston,Not publicly available,Not publicly available,unavailable,False,unavailable,https://www.thegoodfightnt.com.au/our-team,official website staff page,medium,yes
15639893477,UNITED NT DISABILITY SERVICES PTY LTD,15639893477,Tarun,Nanda,Tarun Nanda,CEO,Leadership,"Darwin, Palmerston",Not publicly available,Not publicly available,unavailable,False,unavailable,https://unitedntds.com.au/team/tarun-nanda/,official website staff page,medium,yes
15639893477,UNITED NT DISABILITY SERVICES PTY LTD,15639893477,Gary,Cooper,Gary Cooper,Director of Operations,Leadership,"Darwin, Palmerston",Not publicly available,Not publicly available,unavailable,False,unavailable,https://unitedntds.com.au/team/gary-cooper/,official website staff page,medium,yes
97890960021,Xtremecare Australia Healthcare Service Pty Ltd,97890960021,Marjorie,Tatipata,Marjorie Tatipata,Director of Allied Health and Business Development,Leadership,Other NT,Not publicly available,Not publicly available,unavailable,False,unavailable,https://xtremecareaustralia.com.au/our-team/,official website staff page,medium,yes
97890960021,Xtremecare Australia Healthcare Service Pty Ltd,97890960021,William,Tatipata,William Tatipata,Finance Officer,Service delivery,Other NT,Not publicly available,Not publicly available,unavailable,False,unavailable,https://xtremecareaustralia.com.au/our-team/,official website staff page,medium,no
97890960021,Xtremecare Australia Healthcare Service Pty Ltd,97890960021,Tiffany,Trindall,Tiffany Trindall,Support Coordinator,Support Coordination,Other NT,Not publicly available,Not publicly available,unavailable,False,unavailable,https://xtremecareaustralia.com.au/our-team/,official website staff page,medium,yes
97890960021,Xtremecare Australia Healthcare Service Pty Ltd,97890960021,Malakai,Tatipata,Malakai Tatipata,Support Coordinator,Support Coordination,Other NT,Not publicly available,Not publicly available,unavailable,False,unavailable,https://xtremecareaustralia.com.au/our-team/,official website staff page,medium,yes
97890960021,Xtremecare Australia Healthcare Service Pty Ltd,97890960021,Kali,McKeown,Kali McKeown,Support Coordinator,Support Coordination,Other NT,Not publicly available,Not publicly available,unavailable,False,unavailable,https://xtremecareaustralia.com.au/our-team/,official website staff page,medium,yes
97890960021,Xtremecare Australia Healthcare Service Pty Ltd,97890960021,Nina,Barker,Nina Barker,Occupational Therapist,Clinical,Other NT,Not publicly available,Not publicly available,unavailable,False,unavailable,https://xtremecareaustralia.com.au/our-team/,official website staff page,medium,no
97890960021,Xtremecare Australia Healthcare Service Pty Ltd,97890960021,Jenny,Kawangka,Jenny Kawangka,Support Coordinator,Support Coordination,Other NT,Not publicly available,Not publicly available,unavailable,False,unavailable,https://xtremecareaustralia.com.au/our-team/,official website staff page,medium,yes
97890960021,Xtremecare Australia Healthcare Service Pty Ltd,97890960021,Cleo,Chan,Cleo Chan,Occupational Therapist,Clinical,Other NT,Not publicly available,Not publicly available,unavailable,False,unavailable,https://xtremecareaustralia.com.au/our-team/,official website staff page,medium,no
24644212260,Woollybutt Specialist Services,24644212260,Cherry,Reynolds Woollybutt,Cherry Reynolds Woollybutt,Not publicly available,Service delivery,Palmerston,https://www.linkedin.com/in/cherry-reynolds-woollybutt,Not publicly available,unavailable,False,unavailable,https://www.woollybutt.au/,official website LinkedIn link,high,no
26961131454,Arnhem Allied Health Centre,26961131454,Sarah,Fincham Thomson,Sarah Fincham Thomson,Not publicly available,Service delivery,Nhulunbuy,https://www.linkedin.com/in/sarah-fincham-thomson-8b557499,Not publicly available,unavailable,False,unavailable,https://www.arnhemhealth.com.au/,official website LinkedIn link,high,no
26961131454,Arnhem Allied Health Centre,26961131454,Eko,Sumaryanto,Eko Sumaryanto,Occupational Therapist,Clinical,Nhulunbuy,Not publicly available,Not publicly available,unavailable,False,unavailable,https://www.arnhemhealth.com.au/who-we-are,official website staff page,medium,no
26961131454,Arnhem Allied Health Centre,26961131454,Lois,Stevens,Lois Stevens,Occupational Therapist,Clinical,Nhulunbuy,Not publicly available,Not publicly available,unavailable,False,unavailable,https://www.arnhemhealth.com.au/who-we-are,official website staff page,medium,no
92816714668,Health First Group,92816714668,Shayne,Podbury,Shayne Podbury,Not publicly available,Service delivery,Alice Springs,Not publicly available,Not publicly available,unavailable,False,unavailable,https://www.healthfirstgroup.com.au/,official website structured Person,medium,no
92816714668,Health First Group,92816714668,Bracken,Cunningham,Bracken Cunningham,Therapist Manager,Clinical,Alice Springs,Not publicly available,Not publicly available,unavailable,False,unavailable,https://www.healthfirstgroup.com.au/about/,official website staff page,medium,no
49861718108,CatholicCare NT,49861718108,Jayne,Lloyd OAM,Jayne Lloyd OAM,Director,Leadership,"Darwin, Tennant Creek",Not publicly available,Not publicly available,unavailable,False,unavailable,https://www.catholiccarent.org.au/our-people/,official website staff page,medium,yes
49861718108,CatholicCare NT,49861718108,Steven,Lendrum,Steven Lendrum,General Manager Operations,Operations,"Darwin, Tennant Creek",Not publicly available,Not publicly available,unavailable,False,unavailable,https://www.catholiccarent.org.au/our-people/,official website staff page,medium,yes
49861718108,CatholicCare NT,49861718108,Kim,Burns,Kim Burns,General Manager Quality Systems,Operations,"Darwin, Tennant Creek",Not publicly available,Not publicly available,unavailable,False,unavailable,https://www.catholiccarent.org.au/our-people/,official website staff page,medium,yes
49861718108,CatholicCare NT,49861718108,Judy,Davis,Judy Davis,General Manager Corporate Services,Operations,"Darwin, Tennant Creek",Not publicly available,Not publicly available,unavailable,False,unavailable,https://www.catholiccarent.org.au/our-people/,official website staff page,medium,yes
49861718108,CatholicCare NT,49861718108,Melwyn,Pereira,Melwyn Pereira,Chief Financial Officer,Service delivery,"Darwin, Tennant Creek",Not publicly available,Not publicly available,unavailable,False,unavailable,https://www.catholiccarent.org.au/our-people/,official website staff page,medium,no
49861718108,CatholicCare NT,49861718108,Kim,Moon,Kim Moon,General Manager Human Resources Strategy and Development,Operations,"Darwin, Tennant Creek",Not publicly available,Not publicly available,unavailable,False,unavailable,https://www.catholiccarent.org.au/our-people/,official website staff page,medium,yes
49861718108,CatholicCare NT,49861718108,Phil,Brown,Phil Brown,General Manager Leadership and Capacity Building,Operations,"Darwin, Tennant Creek",Not publicly available,Not publicly available,unavailable,False,unavailable,https://www.catholiccarent.org.au/our-people/,official website staff page,medium,yes
49861718108,CatholicCare NT,49861718108,Marcella,Rankine,Marcella Rankine,Regional Manager Tennant Creek,Service delivery,"Darwin, Tennant Creek",Not publicly available,Not publicly available,unavailable,False,unavailable,https://www.catholiccarent.org.au/our-people/,official website staff page,medium,no
49861718108,CatholicCare NT,49861718108,Chamari,Alaharuwan,Chamari Alaharuwan,Regional Manager Central Australia,Service delivery,"Darwin, Tennant Creek",Not publicly available,Not publicly available,unavailable,False,unavailable,https://www.catholiccarent.org.au/our-people/,official website staff page,medium,no
49861718108,CatholicCare NT,49861718108,Catherine,Stillwell,Catherine Stillwell,Regional Manager Tiwi Islands,Service delivery,"Darwin, Tennant Creek",Not publicly available,Not publicly available,unavailable,False,unavailable,https://www.catholiccarent.org.au/our-people/,official website staff page,medium,no
49861718108,CatholicCare NT,49861718108,Nancy,Harpur,Nancy Harpur,Regional Manager Katherine,Service delivery,"Darwin, Tennant Creek",Not publicly available,Not publicly available,unavailable,False,unavailable,https://www.catholiccarent.org.au/our-people/,official website staff page,medium,no
49861718108,CatholicCare NT,49861718108,Wayne,Pearson,Wayne Pearson,Senior Manager Community Services,Service delivery,"Darwin, Tennant Creek",Not publicly available,Not publicly available,unavailable,False,unavailable,https://www.catholiccarent.org.au/our-people/,official website staff page,medium,no
49861718108,CatholicCare NT,49861718108,Annemarie,Skerrett,Annemarie Skerrett,Clinical Governance Advisor,Clinical,"Darwin, Tennant Creek",Not publicly available,Not publicly available,unavailable,False,unavailable,https://www.catholiccarent.org.au/our-people/,official website staff page,medium,no
49861718108,CatholicCare NT,49861718108,Sr,Pauline Mfona Nakkazi,Sr Pauline Mfona Nakkazi,Coordinator Mission and Culture,Service delivery,"Darwin, Tennant Creek",Not publicly available,Not publicly available,unavailable,False,unavailable,https://www.catholiccarent.org.au/our-people/,official website staff page,medium,no
40623029071,Kirsty's Support Services,40623029071,Kirsty,Barnett,Kirsty Barnett,Director,Leadership,Alice Springs,Not publicly available,Not publicly available,unavailable,False,unavailable,https://kirsty-supports.com/team/,official website staff page,medium,yes
90887416066,The Centre for Positive behaviour Support,90887416066,Dr,Lindsay Cole,Dr Lindsay Cole,"Executive Director, Clinical Services",Leadership,Other NT,Not publicly available,Not publicly available,unavailable,False,unavailable,https://cpbs.com.au/the-centre-for-positive-behaviour-support-team/,official website staff page,medium,yes
90887416066,The Centre for Positive behaviour Support,90887416066,Matthew,Spicer,Matthew Spicer,Director – Clinical Training Services,Leadership,Other NT,Not publicly available,Not publicly available,unavailable,False,unavailable,https://cpbs.com.au/the-centre-for-positive-behaviour-support-team/,official website staff page,medium,yes
90887416066,The Centre for Positive behaviour Support,90887416066,Dr,Rebecca Beights,Dr Rebecca Beights,Director of Research,Leadership,Other NT,Not publicly available,Not publicly available,unavailable,False,unavailable,https://cpbs.com.au/the-centre-for-positive-behaviour-support-team/,official website staff page,medium,yes
90887416066,The Centre for Positive behaviour Support,90887416066,Amanda,Daniel,Amanda Daniel,Chief Clinical Officer,Clinical,Other NT,Not publicly available,Not publicly available,unavailable,False,unavailable,https://cpbs.com.au/the-centre-for-positive-behaviour-support-team/,official website staff page,medium,no
90887416066,The Centre for Positive behaviour Support,90887416066,Jacqueline,Abela DeGiovanni,Jacqueline Abela DeGiovanni,"Head of Regional Services · ACT, SA, Sydney & WA",Service delivery,Other NT,Not publicly available,Not publicly available,unavailable,False,unavailable,https://cpbs.com.au/the-centre-for-positive-behaviour-support-team/,official website staff page,medium,no
90887416066,The Centre for Positive behaviour Support,90887416066,Jenna,White,Jenna White,Head of Regional Services · Victoria & Tasmania,Service delivery,Other NT,Not publicly available,Not publicly available,unavailable,False,unavailable,https://cpbs.com.au/the-centre-for-positive-behaviour-support-team/,official website staff page,medium,no
90887416066,The Centre for Positive behaviour Support,90887416066,Nicole,McKillop,Nicole McKillop,"Head of Regional Services & Early Intervention · QLD, NSW & NT",Service delivery,Other NT,Not publicly available,Not publicly available,unavailable,False,unavailable,https://cpbs.com.au/the-centre-for-positive-behaviour-support-team/,official website staff page,medium,no
99589061225,YOUTHWORX NT,99589061225,Michelle,Barton,Michelle Barton,Chief Executive Officer,Service delivery,Other NT,Not publicly available,Not publicly available,unavailable,False,unavailable,https://youthworxnt.com.au/our-team/,official website staff page,medium,no
99589061225,YOUTHWORX NT,99589061225,Robyne,Brouwer,Robyne Brouwer,Finance and Corporate Manager,Service delivery,Other NT,Not publicly available,Not publicly available,unavailable,False,unavailable,https://youthworxnt.com.au/our-team/,official website staff page,medium,no
99589061225,YOUTHWORX NT,99589061225,Tanya,Pederick,Tanya Pederick,Program Coordinator,Service delivery,Other NT,Not publicly available,Not publicly available,unavailable,False,unavailable,https://youthworxnt.com.au/our-team/,official website staff page,medium,no
99589061225,YOUTHWORX NT,99589061225,Scott,Smith,Scott Smith,Program Coordinator,Service delivery,Other NT,Not publicly available,Not publicly available,unavailable,False,unavailable,https://youthworxnt.com.au/our-team/,official website staff page,medium,no
99589061225,YOUTHWORX NT,99589061225,Lisa,Blakeley,Lisa Blakeley,Treasurer,Service delivery,Other NT,Not publicly available,Not publicly available,unavailable,False,unavailable,https://youthworxnt.com.au/our-board/,official website staff page,medium,no
13084010362,Carers NT,13084010362,Gail,Marsh,Gail Marsh,Chair / Director,Leadership,Darwin,Not publicly available,Not publicly available,unavailable,False,unavailable,https://www.carersnt.asn.au/about/board-management/,official website staff page,medium,yes
13084010362,Carers NT,13084010362,Sandy,Byard,Sandy Byard,Director,Leadership,Darwin,Not publicly available,Not publicly available,unavailable,False,unavailable,https://www.carersnt.asn.au/about/board-management/,official website staff page,medium,yes
13084010362,Carers NT,13084010362,Geoff,Adams,Geoff Adams,Director,Leadership,Darwin,Not publicly available,Not publicly available,unavailable,False,unavailable,https://www.carersnt.asn.au/about/board-management/,official website staff page,medium,yes
13084010362,Carers NT,13084010362,Martina,Hazelbane,Martina Hazelbane,Director,Leadership,Darwin,Not publicly available,Not publicly available,unavailable,False,unavailable,https://www.carersnt.asn.au/about/board-management/,official website staff page,medium,yes
13084010362,Carers NT,13084010362,Adam,Hayes,Adam Hayes,Director,Leadership,Darwin,Not publicly available,Not publicly available,unavailable,False,unavailable,https://www.carersnt.asn.au/about/board-management/,official website staff page,medium,yes
13084010362,Carers NT,13084010362,Tony,Webb,Tony Webb,Director,Leadership,Darwin,Not publicly available,Not publicly available,unavailable,False,unavailable,https://www.carersnt.asn.au/about/board-management/,official website staff page,medium,yes
13084010362,Carers NT,13084010362,Casey,Kelly,Casey Kelly,Director,Leadership,Darwin,Not publicly available,Not publicly available,unavailable,False,unavailable,https://www.carersnt.asn.au/about/board-management/,official website staff page,medium,yes
13084010362,Carers NT,13084010362,Terry,McEvoy,Terry McEvoy,Director,Leadership,Darwin,Not publicly available,Not publicly available,unavailable,False,unavailable,https://www.carersnt.asn.au/about/board-management/,official website staff page,medium,yes
13084010362,Carers NT,13084010362,Steve,Vitone,Steve Vitone,CEO,Leadership,Darwin,Not publicly available,Not publicly available,unavailable,False,unavailable,https://www.carersnt.asn.au/about/board-management/,official website staff page,medium,yes
91183168093,Guide Dogs Association of SA & NT Inc,91183168093,Daniel,Cox,Daniel Cox,Chief Executive Officer,Service delivery,Other NT,Not publicly available,Not publicly available,unavailable,False,unavailable,https://sant.guidedogs.com.au/leadership-and-governance/,official website staff page,medium,no
91183168093,Guide Dogs Association of SA & NT Inc,91183168093,Jason,Clark,Jason Clark,Chief Operating Officer,Service delivery,Other NT,Not publicly available,Not publicly available,unavailable,False,unavailable,https://sant.guidedogs.com.au/leadership-and-governance/,official website staff page,medium,no
91183168093,Guide Dogs Association of SA & NT Inc,91183168093,Julie,Bryksy,Julie Bryksy,Chief People Officer,People,Other NT,Not publicly available,Not publicly available,unavailable,False,unavailable,https://sant.guidedogs.com.au/leadership-and-governance/,official website staff page,medium,no
91183168093,Guide Dogs Association of SA & NT Inc,91183168093,Lauren,Lewis,Lauren Lewis,"General Manager, Beau's Pet Hotel",Operations,Other NT,Not publicly available,Not publicly available,unavailable,False,unavailable,https://sant.guidedogs.com.au/leadership-and-governance/,official website staff page,medium,yes
91183168093,Guide Dogs Association of SA & NT Inc,91183168093,Lee,Buckingham,Lee Buckingham,"General Manager, Dog Services",Operations,Other NT,Not publicly available,Not publicly available,unavailable,False,unavailable,https://sant.guidedogs.com.au/leadership-and-governance/,official website staff page,medium,yes
91183168093,Guide Dogs Association of SA & NT Inc,91183168093,Monique,Palmer,Monique Palmer,Chief Financial Officer,Service delivery,Other NT,Not publicly available,Not publicly available,unavailable,False,unavailable,https://sant.guidedogs.com.au/leadership-and-governance/,official website staff page,medium,no
13506264631,HPA Incorporated,13506264631,Belinda,Barattucci,Belinda Barattucci,Not publicly available,Service delivery,"Darwin, Palmerston",Not publicly available,Not publicly available,unavailable,False,unavailable,https://www.helpingpeopleachieve.com.au/,official website structured Person,medium,no
13506264631,HPA Incorporated,13506264631,Rachael,Wright,Rachael Wright,Chief Executive Officer,Service delivery,"Darwin, Palmerston",Not publicly available,Not publicly available,unavailable,False,unavailable,https://www.helpingpeopleachieve.com.au/our-team/,official website staff page,medium,no
13506264631,HPA Incorporated,13506264631,Verena,Brady,Verena Brady,Finance & Corporate Services Manager,Service delivery,"Darwin, Palmerston",Not publicly available,Not publicly available,unavailable,False,unavailable,https://www.helpingpeopleachieve.com.au/our-team/,official website staff page,medium,no
13506264631,HPA Incorporated,13506264631,Tanya,Wotton,Tanya Wotton,Program Services Manager,Service delivery,"Darwin, Palmerston",Not publicly available,Not publicly available,unavailable,False,unavailable,https://www.helpingpeopleachieve.com.au/our-team/,official website staff page,medium,no
13506264631,HPA Incorporated,13506264631,Carolyn,Naiti,Carolyn Naiti,Employment Mentor Supervisor,Service delivery,"Darwin, Palmerston",Not publicly available,Not publicly available,unavailable,False,unavailable,https://www.helpingpeopleachieve.com.au/our-team/,official website staff page,medium,no
13506264631,HPA Incorporated,13506264631,Denise,Watson,Denise Watson,Not publicly available,Service delivery,"Darwin, Palmerston",Not publicly available,Not publicly available,unavailable,False,unavailable,https://www.helpingpeopleachieve.com.au/our-board/,official website structured Person,medium,no
13506264631,HPA Incorporated,13506264631,John,Yousef,John Yousef,Treasurer,Service delivery,"Darwin, Palmerston",Not publicly available,Not publicly available,unavailable,False,unavailable,https://www.helpingpeopleachieve.com.au/our-board/,official website staff page,medium,no
58608550607,Healthia Podiatry,58608550607,Greg,Dower,Greg Dower,Podiatrist & Director,Leadership,"Palmerston, Alice Springs",Not publicly available,greg.dower@myfootdr.com.au,public,True,verified_public,https://www.myfootdr.com.au/,official website structured Person,medium,yes
58608550607,Healthia Podiatry,58608550607,Darren,Stewart,Darren Stewart,Podiatrist & Director,Leadership,"Palmerston, Alice Springs",Not publicly available,darren.stewart@myfootdr.com.au,public,True,verified_public,https://www.myfootdr.com.au/,official website structured Person,medium,yes
42627952082,LEADWISE RESEARCH AND SUPPORT INCORPORATED,42627952082,Earvin,Alinsug,Earvin Alinsug,Founder & President,Leadership,Palmerston,Not publicly available,Not publicly available,unavailable,False,unavailable,https://www.leadwise.org.au/team/,official website staff page,medium,yes
42627952082,LEADWISE RESEARCH AND SUPPORT INCORPORATED,42627952082,Mariela,Garcia,Mariela Garcia,Board Secretary,Service delivery,Palmerston,Not publicly available,Not publicly available,unavailable,False,unavailable,https://www.leadwise.org.au/team/,official website staff page,medium,no
42627952082,LEADWISE RESEARCH AND SUPPORT INCORPORATED,42627952082,Jose,Jamiro V,Jose Jamiro V,Board Treasurer,Service delivery,Palmerston,Not publicly available,Not publicly available,unavailable,False,unavailable,https://www.leadwise.org.au/team/,official website staff page,medium,no
17030032930,Kalano Community Association Inc,17030032930,Alan,Mole,Alan Mole,Chief Executive Officer,Service delivery,"Darwin, Katherine",Not publicly available,Not publicly available,unavailable,False,unavailable,https://kalano.org.au/meet-our-team/,official website staff page,medium,no
17030032930,Kalano Community Association Inc,17030032930,Amber,Giumelli,Amber Giumelli,Executive Assistant to the CEO,Leadership,"Darwin, Katherine",Not publicly available,Not publicly available,unavailable,False,unavailable,https://kalano.org.au/meet-our-team/,official website staff page,medium,yes
17030032930,Kalano Community Association Inc,17030032930,Kate,Corney,Kate Corney,Executive Manager of Community Services,Service delivery,"Darwin, Katherine",Not publicly available,Not publicly available,unavailable,False,unavailable,https://kalano.org.au/meet-our-team/,official website staff page,medium,no
17030032930,Kalano Community Association Inc,17030032930,Leanne,Chapman,Leanne Chapman,Executive Manager of Clinical Services,Clinical,"Darwin, Katherine",Not publicly available,Not publicly available,unavailable,False,unavailable,https://kalano.org.au/meet-our-team/,official website staff page,medium,no
17030032930,Kalano Community Association Inc,17030032930,Casey,Bishop,Casey Bishop,Executive Manager of Alcohol & Other Drugs,Service delivery,"Darwin, Katherine",Not publicly available,Not publicly available,unavailable,False,unavailable,https://kalano.org.au/meet-our-team/,official website staff page,medium,no
17030032930,Kalano Community Association Inc,17030032930,Hannah,Sheehy,Hannah Sheehy,Corporate Services Manager,Service delivery,"Darwin, Katherine",Not publicly available,Not publicly available,unavailable,False,unavailable,https://kalano.org.au/meet-our-team/,official website staff page,medium,no
17030032930,Kalano Community Association Inc,17030032930,David,Pitt,David Pitt,Community Development Manager,Service delivery,"Darwin, Katherine",Not publicly available,Not publicly available,unavailable,False,unavailable,https://kalano.org.au/meet-our-team/,official website staff page,medium,no
17030032930,Kalano Community Association Inc,17030032930,Janette,Crowhurst,Janette Crowhurst,Finance Manager,Service delivery,"Darwin, Katherine",Not publicly available,Not publicly available,unavailable,False,unavailable,https://kalano.org.au/meet-our-team/,official website staff page,medium,no
65159208867,MJD Foundation Limited,65159208867,Jacquie,Hatt,Jacquie Hatt,Chief Executive Officer,Service delivery,Darwin,Not publicly available,Not publicly available,unavailable,False,unavailable,https://mjd.org.au/staff/,official website staff page,medium,no
65159208867,MJD Foundation Limited,65159208867,Gayangwa,Lalara OAM,Gayangwa Lalara OAM,Director / Senior Cultural Advisor,Leadership,Darwin,Not publicly available,Not publicly available,unavailable,False,unavailable,https://mjd.org.au/staff/,official website staff page,medium,yes
65159208867,MJD Foundation Limited,65159208867,Libby,Massey OAM,Libby Massey OAM,"Director, Research and Education",Leadership,Darwin,Not publicly available,Not publicly available,unavailable,False,unavailable,https://mjd.org.au/staff/,official website staff page,medium,yes
65159208867,MJD Foundation Limited,65159208867,Michael,Kuhl,Michael Kuhl,Director of Finance and Operations,Leadership,Darwin,Not publicly available,Not publicly available,unavailable,False,unavailable,https://mjd.org.au/staff/,official website staff page,medium,yes
65159208867,MJD Foundation Limited,65159208867,Neil,Westbury PSM,Neil Westbury PSM,Director,Leadership,Darwin,Not publicly available,Not publicly available,unavailable,False,unavailable,https://mjd.org.au/our-board/,official website staff page,medium,yes
65159208867,MJD Foundation Limited,65159208867,Jenny,Baird,Jenny Baird,Director,Leadership,Darwin,Not publicly available,Not publicly available,unavailable,False,unavailable,https://mjd.org.au/our-board/,official website staff page,medium,yes
65159208867,MJD Foundation Limited,65159208867,Janice,Oake,Janice Oake,Treasurer,Service delivery,Darwin,Not publicly available,Not publicly available,unavailable,False,unavailable,https://mjd.org.au/our-board/,official website staff page,medium,no
65159208867,MJD Foundation Limited,65159208867,Jennifer,Cullen AM,Jennifer Cullen AM,Director,Leadership,Darwin,Not publicly available,Not publicly available,unavailable,False,unavailable,https://mjd.org.au/our-board/,official website staff page,medium,yes
65159208867,MJD Foundation Limited,65159208867,Libby,Collins,Libby Collins,Director,Leadership,Darwin,Not publicly available,Not publicly available,unavailable,False,unavailable,https://mjd.org.au/our-board/,official website staff page,medium,yes
65159208867,MJD Foundation Limited,65159208867,Julie,Gungunbuy Wunungmurra,Julie Gungunbuy Wunungmurra,Director,Leadership,Darwin,Not publicly available,Not publicly available,unavailable,False,unavailable,https://mjd.org.au/our-board/,official website staff page,medium,yes
65159208867,MJD Foundation Limited,65159208867,Gloria,O'Hare,Gloria O'Hare,Director,Leadership,Darwin,Not publicly available,Not publicly available,unavailable,False,unavailable,https://mjd.org.au/our-board/,official website staff page,medium,yes
65159208867,MJD Foundation Limited,65159208867,Asia,Lenard,Asia Lenard,Director,Leadership,Darwin,Not publicly available,Not publicly available,unavailable,False,unavailable,https://mjd.org.au/our-board/,official website staff page,medium,yes
65159208867,MJD Foundation Limited,65159208867,Danny,Daniels,Danny Daniels,Director,Leadership,Darwin,Not publicly available,Not publicly available,unavailable,False,unavailable,https://mjd.org.au/our-board/,official website staff page,medium,yes
85940440965,Carpentaria Disability Services Ltd.,85940440965,Annie,Rily,Annie Rily,Chief Executive Officer,Service delivery,"Darwin, Alice Springs",Not publicly available,Not publicly available,unavailable,False,unavailable,https://carpentaria.org.au/who-we-are/our-team/,official website staff page,medium,no
85940440965,Carpentaria Disability Services Ltd.,85940440965,Andrew,Everingham,Andrew Everingham,Chief Operations Officer,Operations,"Darwin, Alice Springs",Not publicly available,Not publicly available,unavailable,False,unavailable,https://carpentaria.org.au/who-we-are/our-team/,official website staff page,medium,no
85940440965,Carpentaria Disability Services Ltd.,85940440965,Rangan,Vaithi,Rangan Vaithi,Chief Financial Officer,Service delivery,"Darwin, Alice Springs",Not publicly available,Not publicly available,unavailable,False,unavailable,https://carpentaria.org.au/who-we-are/our-team/,official website staff page,medium,no
85940440965,Carpentaria Disability Services Ltd.,85940440965,Kirrily,Freson,Kirrily Freson,Director of People and Learning,Leadership,"Darwin, Alice Springs",Not publicly available,Not publicly available,unavailable,False,unavailable,https://carpentaria.org.au/who-we-are/our-team/,official website staff page,medium,yes
85940440965,Carpentaria Disability Services Ltd.,85940440965,Sheena,Baillie,Sheena Baillie,Senior Executive Officer,Service delivery,"Darwin, Alice Springs",Not publicly available,Not publicly available,unavailable,False,unavailable,https://carpentaria.org.au/who-we-are/our-team/,official website staff page,medium,no
85940440965,Carpentaria Disability Services Ltd.,85940440965,Mr,Niki Ross,Mr Niki Ross,Board Director,Leadership,"Darwin, Alice Springs",Not publicly available,Not publicly available,unavailable,False,unavailable,https://carpentaria.org.au/who-we-are/our-board/,official website staff page,medium,yes
85940440965,Carpentaria Disability Services Ltd.,85940440965,Mr,Hamza Vayani,Mr Hamza Vayani,Board Director,Leadership,"Darwin, Alice Springs",Not publicly available,Not publicly available,unavailable,False,unavailable,https://carpentaria.org.au/who-we-are/our-board/,official website staff page,medium,yes
62302702903,Somerville Community Services Ltd,62302702903,Andrew,Caddy,Andrew Caddy,President,Service delivery,"Darwin, Palmerston, Alice Springs, Katherine",Not publicly available,Not publicly available,unavailable,False,unavailable,https://somerville.org.au/about-us/board-of-directors/,official website staff page,medium,no
62302702903,Somerville Community Services Ltd,62302702903,Hon.,Natasha Fyles,Hon. Natasha Fyles,Chief Executive Officer,Service delivery,"Darwin, Palmerston, Alice Springs, Katherine",Not publicly available,Not publicly available,unavailable,False,unavailable,https://somerville.org.au/about-us/board-of-directors/,official website staff page,medium,no
62302702903,Somerville Community Services Ltd,62302702903,Amy,Southwood,Amy Southwood,"General Manager, Disability Services",Operations,"Darwin, Palmerston, Alice Springs, Katherine",Not publicly available,Not publicly available,unavailable,False,unavailable,https://somerville.org.au/about-us/executive-team/,official website staff page,medium,yes
62302702903,Somerville Community Services Ltd,62302702903,Annette,Blunt,Annette Blunt,"General Manager, Shared Services",Operations,"Darwin, Palmerston, Alice Springs, Katherine",Not publicly available,Not publicly available,unavailable,False,unavailable,https://somerville.org.au/about-us/executive-team/,official website staff page,medium,yes
16345352064,TeamHEALTH,16345352064,Kim,Hill,Kim Hill,Board Chair & Public Officer,Service delivery,Darwin,Not publicly available,Not publicly available,unavailable,False,unavailable,https://www.teamhealth.asn.au/about/our-team,official website staff page,medium,no
16345352064,TeamHEALTH,16345352064,Jessica,Silvester,Jessica Silvester,Secretary,Service delivery,Darwin,Not publicly available,Not publicly available,unavailable,False,unavailable,https://www.teamhealth.asn.au/about/our-team,official website staff page,medium,no
16345352064,TeamHEALTH,16345352064,Amin,Islam,Amin Islam,Treasurer,Service delivery,Darwin,Not publicly available,Not publicly available,unavailable,False,unavailable,https://www.teamhealth.asn.au/about/our-team,official website staff page,medium,no
16345352064,TeamHEALTH,16345352064,John,Kelly,John Kelly,Executive Manager Residential Recovery,Service delivery,Darwin,Not publicly available,Not publicly available,unavailable,False,unavailable,https://www.teamhealth.asn.au/about/our-team,official website staff page,medium,no
