company_id,company_name,job_title,location,employment_type,description,date_posted,job_url,source,active,last_checked
47665282100,BLUEGUM ABILITY SERVICES PTY LTD,Support Coordinator,Not found,Unknown,Not found,Not publicly available,https://www.bluegumability.com/join-our-team,Company Career Page,yes,2026-09-29
80602022435,Better Rehabilitation,Occupational Therapist,"Brisbane, QLD, AU; Melbourne, VIC, AU; Launceston, TAS, AU; Hobart, TAS, AU; Campbelltown, NSW, AU; Penrith, NSW, AU; Ipswich, QLD, AU; Springwood, QLD, AU; North Lakes, QLD, AU; Arundel, QLD, AU; Sutherland, NSW, AU; Maroubra, NSW, AU; Bankstown, NSW, AU; Blacktown, NSW, AU; Ballarat, VIC, AU; Colac, VIC, AU; Warrnambool, VIC, AU; Werribee, VIC, AU; Briar Hill, VIC, AU; Mornington, VIC, AU; Darwin, NT, AU; Prospect, SA, AU; Rockingham, WA, AU; Mandurah, WA, AU; Cockburn Central, WA, AU; Perth, WA, AU; Canberra, ACT, AU; Adelaide, SA, AU; Sydney, NSW, AU; Chermside, QLD, AU; Sumner, QLD, AU; Stones Corner, QLD, AU; Central Coast, NSW, AU",FULL_TIME,"Join Better Rehab as an Occupational Therapist and make a meaningful impact through community allied health services. Work across paediatric, disability and aged care settings with flexible work arrangements, professional development opportunities, clinical support and career pro",Not publicly available,https://betterrehab.com.au/careers/occupational-therapist/,Company Career Page,yes,2026-09-29
80602022435,Better Rehabilitation,Speech Pathologist,Not publicly available,Not publicly available,Published careers-page link; closing date not supplied,Not publicly available,https://betterrehab.com.au/jobs/speech-pathologist-34828/,Company Career Page,yes,2026-09-29
80602022435,Better Rehabilitation,Speech Pathologist,Not publicly available,Not publicly available,Published careers-page link; closing date not supplied,Not publicly available,https://betterrehab.com.au/jobs/speech-pathologist-34830/,Company Career Page,yes,2026-09-29
80602022435,Better Rehabilitation,Speech Pathologist – 2027 Graduate Program,Not found,Unknown,Not found,Not publicly available,https://betterrehab.com.au/jobs/speech-pathologist-2027-graduate-program-34811/,Company Career Page,yes,2026-09-29
80602022435,Better Rehabilitation,Speech Pathologist – 2027 Graduate Program,Not publicly available,Not publicly available,Published careers-page link; closing date not supplied,Not publicly available,https://betterrehab.com.au/jobs/speech-pathologist-2027-graduate-program-34813/,Company Career Page,yes,2026-09-29
80602022435,Better Rehabilitation,Behaviour Support Practitioner/Supervisor,Not publicly available,Not publicly available,Published careers-page link; closing date not supplied,Not publicly available,https://betterrehab.com.au/jobs/behaviour-support-practitionersupervisor-34825/,Company Career Page,yes,2026-09-29
80602022435,Better Rehabilitation,Occupational Therapist – 2027 Graduate Program,Not found,Unknown,Not found,Not publicly available,https://betterrehab.com.au/jobs/occupational-therapist-2027-graduate-program-34803/,Company Career Page,yes,2026-09-29
76630450636,Eunoia Lane,Support Coordinator/Case Manager (Identified Position: Aboriginal and/or Torres Strait Islander),Not found,Unknown,Not found,Not publicly available,https://eunoialane.com.au/careers/,Company Career Page,yes,2026-09-29
76630450636,Eunoia Lane,Support Coordinator – Broome,Not found,Unknown,Not found,Not publicly available,https://eunoialane.com.au/careers/,Company Career Page,yes,2026-09-29
76630450636,Eunoia Lane,Support Coordination Assistant / Administration Officer – Alice Springs,Not found,Unknown,Not found,Not publicly available,https://eunoialane.com.au/careers/,Company Career Page,yes,2026-09-29
76630450636,Eunoia Lane,Specialist Support Coordinator – Broome,Not found,Unknown,Not found,Not publicly available,https://eunoialane.com.au/careers/,Company Career Page,yes,2026-09-29
76630450636,Eunoia Lane,Specialist Support Coordinator – Darwin,Darwin,Unknown,Not found,Not publicly available,https://eunoialane.com.au/careers/,Company Career Page,yes,2026-09-29
76630450636,Eunoia Lane,Support Coordinator – Darwin,Darwin,Unknown,Not found,Not publicly available,https://eunoialane.com.au/careers/,Company Career Page,yes,2026-09-29
76630450636,Eunoia Lane,Specialist Support Coordinator – Cairns,Not found,Unknown,Not found,Not publicly available,https://eunoialane.com.au/careers/,Company Career Page,yes,2026-09-29
25061370769,ITEC Health,NDIS Plan Management Officer,Not found,Unknown,Not found,Not publicly available,https://itecgroup.com.au/careers,Company Career Page,yes,2026-09-29
25061370769,ITEC Health,Rostering Coordinator,Not found,Unknown,Not found,Not publicly available,https://itecgroup.com.au/careers,Company Career Page,yes,2026-09-29
63111471848,Movement for Life Physiotherapy Pty Ltd,Graduate Physiotherapist,Not found,Unknown,Not found,Not publicly available,https://www.movementforlifephysio.com.au/careers,Company Career Page,yes,2026-09-29
70636477042,MY THERAPY CREW,Occupational Therapist,Not publicly available,Not publicly available,Published careers-page link; closing date not supplied,Not publicly available,https://mytherapycrew.com.au/wp-content/uploads/2026/07/Occupational-Therapist_Job-Description2023.pdf,Company Career Page,yes,2026-09-29
70636477042,MY THERAPY CREW,Speech Pathologist,Not publicly available,Not publicly available,Published careers-page link; closing date not supplied,Not publicly available,https://mytherapycrew.com.au/wp-content/uploads/2026/07/Speech-Pathologist_Job-Description-2023.pdf,Company Career Page,yes,2026-09-29
72647674502,OUTREACH PHYSIOTHERAPY PTY LTD,New Graduate or Early Career Paediatric Physiotherapist - Full Time/Part Time,Not found,Unknown,Not found,Not publicly available,https://www.outreachphysiotherapy.com/careers-1,Company Career Page,yes,2026-09-29
53640516856,PURPLE SUPPORT,Disability Support Worker,Not publicly available,Not publicly available,Published careers-page link; closing date not supplied,Not publicly available,https://purplesupport.com.au/career/disability-support-worker,Company Career Page,yes,2026-09-29
75125223645,REGIS AGED CARE PTY LTD,From Food Service Assistant to Clinical Care Coordinator: Talwinder’s Inspiring Aged Care Career Journey,Not found,Unknown,Not found,Not publicly available,https://www.regis.com.au/newsroom-careers-talwinder/,Company Career Page,yes,2026-09-29
75125223645,REGIS AGED CARE PTY LTD,From care assistant to assistant manager: Tess’s 12-Year Journey,Not found,Unknown,Not found,Not publicly available,https://www.regis.com.au/newsroom/career-news/,Company Career Page,yes,2026-09-29
75125223645,REGIS AGED CARE PTY LTD,From Student Nurse to Clinical Care Manager,Not found,Unknown,Not found,Not publicly available,https://www.regis.com.au/newsroom/career-news/,Company Career Page,yes,2026-09-29
75125223645,REGIS AGED CARE PTY LTD,Minh – Relationship Specialist,Not found,Unknown,Not found,Not publicly available,https://www.regis.com.au/newsroom/career-news/,Company Career Page,yes,2026-09-29
75125223645,REGIS AGED CARE PTY LTD,Meet Alastair – National Manager Hotel Services,Not found,Unknown,Not found,Not publicly available,https://www.regis.com.au/newsroom/career-news/,Company Career Page,yes,2026-09-29
75125223645,REGIS AGED CARE PTY LTD,Pursuing a passion for aged care: Introducing Regis’s new General Manager,Not found,Unknown,Not found,Not publicly available,https://www.regis.com.au/newsroom/career-news/,Company Career Page,yes,2026-09-29
75125223645,REGIS AGED CARE PTY LTD,Helen Finlay – National Manager Infection Control,Not found,Unknown,Not found,Not publicly available,https://www.regis.com.au/newsroom/career-news/,Company Career Page,yes,2026-09-29
75125223645,REGIS AGED CARE PTY LTD,Melissa McDonald – Executive General Manager Clinical Care and Practice,Not found,Unknown,Not found,Not publicly available,https://www.regis.com.au/newsroom/career-news/,Company Career Page,yes,2026-09-29
80606740345,Territory Therapy Solutions,New Graduate Speech Pathologist - Learn more about working with us!,Not found,Unknown,Not found,Not publicly available,https://www.territorytherapysolutions.com.au/employment/,Company Career Page,yes,2026-09-29
99624923753,TK COMMUNITY CARE SERVICES PTY LTD,We are currently seeking a NDIS support coordinator superstar!,Not found,Unknown,Not found,Not publicly available,https://tkcommunitycare.com.au/careers/,Company Career Page,yes,2026-09-29
97890960021,Xtremecare Australia Healthcare Service Pty Ltd,NDIS plan Manager,Not found,Unknown,Not found,Not publicly available,https://www.seek.com.au/job/84859381?ref=hirer-success-posting&_gl=1*1valh98*_gcl_aw*R0NMLjE3NDk2OTAxMTYuQ2owS0NRancwcVRDQmhDbUFSSXNBQWo4QzRiZmRCYXAzUHdGTm5pakZjLVBYN1FNaUJoc3d1czVHTDlGZ09TenByZTdUTW9FV1lsU1dXb2FBcExGRUFMd193Y0I.*_gcl_dc*R0NMLjE3NDk2OTAxMTYuQ2owS0NRancwcVRDQmhDbUFSSXNBQWo4QzRiZmRCYXAzUHdGTm5pakZjLVBYN1FNaUJoc3d1czVHTDlGZ09TenByZTdUTW9FV1lsU1dXb2FBcExGRUFMd193Y0I.*_gcl_au*NjgxMzM5ODQxLjE3NDk1MzIxMzIuNTIzMjc3OTI3LjE3NDk2OTIyMjQuMTc0OTY5MjI2Ng..*_ga*Mzg3MzAyNDUxLjE3NDk1MzIxMjk.*_ga_JYC9JXRYWC*czE3NDk2OTAwMzckbzIkZzEkdDE3NDk2OTI4OTIkajYwJGwwJGgw,Company Career Page,yes,2026-09-29
77902127562,NPY Women's Council,Youth Services Coordinator – (NT & SA),Not found,Unknown,Not found,Not publicly available,https://www.npywc.org.au/blogs/employment/youth-services-coordinator-nt-sa,Company Career Page,yes,2026-09-29
77902127562,NPY Women's Council,Learning & Development Coordinator,Not found,Unknown,Not found,Not publicly available,https://www.npywc.org.au/blogs/employment/learning-development-coordinator,Company Career Page,yes,2026-09-29
76210591710,Central Australian Aboriginal Congress Aboriginal Corporation,Speech Pathologist/Graduate Speech Pathologist (NDIS - Allied Health),Not found,Unknown,Not found,Not publicly available,https://caac.expr3ss.com/jobDetails?selectJob=922&s=6,Company Career Page,yes,2026-09-29
76210591710,Central Australian Aboriginal Congress Aboriginal Corporation,Graduate Occupational Therapist (NDIS - Allied Health),Not found,Unknown,Not found,Not publicly available,https://caac.expr3ss.com/jobDetails?selectJob=963&s=6,Company Career Page,yes,2026-09-29
76210591710,Central Australian Aboriginal Congress Aboriginal Corporation,Occupational Therapist/Graduate Occupational Therapist (NDIS),Not found,Unknown,Not found,Not publicly available,https://caac.expr3ss.com/jobDetails?selectJob=1090&s=6,Company Career Page,yes,2026-09-29
76210591710,Central Australian Aboriginal Congress Aboriginal Corporation,Graduate Nurse Program,Not found,Unknown,Not found,Not publicly available,https://www.caac.org.au/careers/gradnurse/,Company Career Page,yes,2026-09-29
58608550607,Healthia Podiatry,New Graduates,Not found,Unknown,Not found,Not publicly available,https://healthia.com.au/new-graduates/,Company Career Page,yes,2026-09-29
85097999347,Lifestyle Solutions (Aust) Ltd,Clearances and requirements to be a Support Worker,Not publicly available,Not publicly available,Published careers-page link; closing date not supplied,Not publicly available,https://www.lifestylesolutions.org.au/careers/clearances-and-requirements-to-be-a-support-worker/,Company Career Page,yes,2026-09-29
64146004524,Pathfinders Ltd,(NPSS) Mentoring and Family Support Worker,Not publicly available,Not publicly available,Published careers-page link; closing date not supplied,Not publicly available,https://pathfinders.ngo/jobs/npss-mentoring-and-family-support-worker/,Company Career Page,yes,2026-09-29
64146004524,Pathfinders Ltd,(NPSS) Mentoring and Family Support Worker,Not publicly available,Not publicly available,Published careers-page link; closing date not supplied,Not publicly available,https://pathfinders.ngo/jobs/npss-mentoring-and-family-support-worker-2/,Company Career Page,yes,2026-09-29
64146004524,Pathfinders Ltd,(SYP) Support Worker,Not publicly available,Not publicly available,Published careers-page link; closing date not supplied,Not publicly available,https://pathfinders.ngo/jobs/syp-support-worker/,Company Career Page,yes,2026-09-29
64146004524,Pathfinders Ltd,ITC House Manager,Not found,Unknown,Not found,Not publicly available,https://pathfinders.ngo/jobs/12965/,Company Career Page,yes,2026-09-29
64146004524,Pathfinders Ltd,Therapeutic Youth Worker,Not publicly available,Not publicly available,Published careers-page link; closing date not supplied,Not publicly available,https://pathfinders.ngo/jobs/therapeutic-youth-worker/,Company Career Page,yes,2026-09-29
65159208867,MJD Foundation Limited,NDIS Support Coordinator,Not found,Unknown,Not found,Not publicly available,https://mjd.org.au/jobs/ndis-support-coordinator/,Company Career Page,yes,2026-09-29
65159208867,MJD Foundation Limited,Occupational Therapist in Darwin (flexible part-time or full-time role),Not publicly available,Not publicly available,Published careers-page link; closing date not supplied,Not publicly available,https://mjd.org.au/jobs/occupational-therapist-in-darwin-flexible-part-time-or-full-time-role/,Company Career Page,yes,2026-09-29
85940440965,Carpentaria Disability Services Ltd.,Support Worker roles,Not publicly available,Not publicly available,Published careers-page link; closing date not supplied,Not publicly available,https://carpentaria.org.au/careers/support-worker/,Company Career Page,yes,2026-09-29
85940440965,Carpentaria Disability Services Ltd.,Support Worker roles at Carpentaria,Not publicly available,Not publicly available,Published careers-page link; closing date not supplied,Not publicly available,https://carpentaria.org.au/careers/disability-support-worker/,Company Career Page,yes,2026-09-29
